證券代號,證券名稱,成交股數,成交金額,開盤價,最高價,最低價,收盤價,漲跌價差,成交筆數
"0050","元大台灣50","8297028","945842517","115.00","115.75","113.40","113.60","0.8000","6274"
"0051","元大中型100","52504","2155141","40.86","41.25","40.86","41.04","0.2000","46"
"0052","富邦科技","1625944","164040093","102.60","103.00","100.05","100.05","1.0500","798"
"0053","元大電子","52574","2854523","54.55","54.75","53.95","53.95","0.7000","41"
"0054","元大台商50","33877","901322","26.70","26.70","26.59","26.61","0.0900","13"
"0055","元大MSCI金融","166200","3078290","18.55","18.59","18.44","18.53","0.0400","95"
"0056","元大高股息","15297071","441311259","28.98","28.99","28.80","28.81","0.0100","9580"
"0057","富邦摩台","31935","2386544","75.05","75.15","74.30","74.30","0.6000","15"
"0061","元大寶滬深","335819","7597682","22.57","22.74","22.55","22.57","0.0200","129"
"006203","元大MSCI台灣","6261","330577","53.00","53.00","52.60","52.60","0.3000","10"
"006204","永豐臺灣加權","3443","233229","68.15","68.15","67.80","67.80","0.3000","7"
"006205","富邦上証","1355574","49300973","36.27","36.52","36.27","36.31","0.0900","236"
"006206","元大上證50","231716","8600178","37.00","37.37","37.00","37.10","0.1400","63"
"006207","FH滬深","119664","3534307","29.51","29.62","29.48","29.48","-0.0200","33"
"006208","富邦台50","2676135","171210322","64.65","65.20","63.70","63.70","0.0000","1277"
"00625K","富邦上証+R","50000","422500","8.45","8.45","8.45","8.45","0.0800","2"
"00631L","元大台灣50正2","6954973","533114473","77.30","77.40","75.90","76.10","-0.2000","1841"
"00632R","元大台灣50反1","157597233","1202259263","7.61","7.67","7.59","7.64","-0.0400","10677"
"00633L","富邦上証正2","6294395","390160329","61.95","62.35","61.70","61.80","0.3000","1191"
"00634R","富邦上証反1","414000","1790260","4.31","4.34","4.31","4.33","0.0000","79"
"00635U","元大S&P黃金","1158204","29846664","25.79","25.80","25.73","25.74","-0.1100","295"
"00636","國泰中國A50","664918","17105362","25.62","25.79","25.62","25.71","0.1100","237"
"00636K","國泰中國A50+U","100","900","9.00","9.00","9.00","9.00","0.1400","1"
"00637L","元大滬深300正2","39897331","966600062","24.23","24.37","24.09","24.20","0.2000","4839"
"00638R","元大滬深300反1","327003","2843576","8.68","8.72","8.68","8.71","0.0000","71"
"00639","富邦深100","1735148","27240727","15.74","15.83","15.62","15.65","-0.0900","331"
"00640L","富邦日本正2","915000","20657280","22.61","22.74","22.45","22.70","-0.0100","98"
"00641R","富邦日本反1","595000","7367940","12.37","12.44","12.35","12.35","0.0100","124"
"00642U","元大S&P石油","10166658","76923833","7.56","7.58","7.54","7.58","0.1000","1899"
"00643","群益深証中小","1346962","24005724","17.87","18.08","17.68","17.70","-0.1700","385"
"00643K","群益深証中小+R","1000","4130","4.13","4.13","4.13","4.13","-0.0900","1"
"00645","富邦日本","326590","7370104","22.57","22.60","22.50","22.60","0.0000","52"
"00646","元大S&P500","535176","16861717","31.54","31.57","31.43","31.43","-0.0500","280"
"00647L","元大S&P500正2","368021","17278948","47.12","47.13","46.72","46.79","-0.1800","105"
"00648R","元大S&P500反1","1372011","11984556","8.72","8.76","8.72","8.76","0.0100","153"
"00650L","FH香港正2","823000","21463960","26.02","26.26","25.96","26.05","0.2100","165"
"00651R","FH香港反1","167000","1294640","7.85","7.85","7.74","7.75","-0.0500","33"
"00652","富邦印度","267143","5981933","22.35","22.43","22.30","22.30","-0.0500","162"
"00653L","富邦印度正2","3485627","98306313","28.17","28.38","28.00","28.10","-0.0400","331"
"00654R","富邦印度反1","79000","889950","11.15","11.31","11.15","11.28","0.0300","37"
"00655L","國泰中國A50正2","1997000","91928130","45.97","46.33","45.77","46.00","0.3200","639"
"00656R","國泰中國A50反1","72000","572570","7.94","7.98","7.94","7.95","-0.0400","18"
"00657","國泰日經225","104626","3352074","32.00","32.10","32.00","32.10","0.1000","6"
"00657K","國泰日經225+U","100","1121","11.21","11.21","11.21","11.21","0.0200","1"
"00660","元大歐洲50","29595","706475","23.95","23.95","23.85","23.85","-0.1000","20"
"00661","元大日經225","38969","1260204","32.30","32.45","32.25","32.45","0.5000","12"
"00662","富邦NASDAQ","1514703","66742293","44.28","44.29","43.97","44.00","-0.2500","211"
"00663L","國泰臺灣加權正2","40050","2730757","68.80","68.80","67.85","67.95","0.8000","18"
"00664R","國泰臺灣加權反1","5228050","45208648","8.62","8.70","8.61","8.68","-0.0400","470"
"00665L","富邦恒生國企正2","157000","3815030","24.17","24.43","24.10","24.15","0.0100","38"
"00666R","富邦恒生國企反1","82000","970810","11.77","11.84","11.77","11.84","-0.0500","4"
"00668","國泰美國道瓊","396452","12185613","30.84","30.84","30.69","30.71","0.1700","95"
"00668K","國泰美國道瓊+U","100","1076","10.76","10.76","10.76","10.76","0.0900","1"
"00669R","國泰美國道瓊反1","5624000","53698380","9.55","9.57","9.53","9.56","-0.0200","768"
"00670L","富邦NASDAQ正2","1391101","100014908","72.25","72.25","71.60","71.65","-0.6000","342"
"00671R","富邦NASDAQ反1","4430000","30789170","6.93","6.97","6.92","6.96","0.0400","325"
"00673R","元大S&P原油反1","805300","23143635","28.80","28.89","28.70","28.72","-0.5800","196"
"00674R","元大S&P黃金反1","211000","2707190","12.85","12.85","12.80","12.84","0.0400","21"
"00675L","富邦臺灣加權正2","319310","9387191","29.60","29.72","29.16","29.24","0.1900","174"
"00676R","富邦臺灣加權反1","4096000","19290560","4.70","4.73","4.69","4.72","-0.0300","432"
"00677U","富邦VIX","126562981","501885016","3.92","4.00","3.91","4.00","0.0900","7965"
"00678","群益NBI生技","522745","13539517","26.10","26.10","25.86","25.89","-0.2300","66"
"00680L","元大美債20正2","69000","2007390","29.18","29.22","28.97","29.01","-0.3200","37"
"00681R","元大美債20反1","21000","268580","12.78","12.82","12.78","12.82","0.0900","17"
"00682U","元大美元指數","49000","899900","18.36","18.39","18.35","18.39","-0.0100","14"
"00683L","元大美元指數正2","399000","6949320","17.40","17.44","17.39","17.44","-0.0200","83"
"00684R","元大美元指數反1","6000","112980","18.83","18.83","18.83","18.83","0.0300","1"
"00685L","群益臺灣加權正2","15000","386920","25.82","25.94","25.65","25.70","0.1800","15"
"00686R","群益臺灣加權反1","111000","570560","5.13","5.16","5.12","5.15","-0.0400","25"
"00688L","國泰20年美債正2","117000","3416530","29.27","29.27","29.19","29.19","-0.2300","4"
"00689R","國泰20年美債反1","101000","1330180","13.17","13.18","13.17","13.18","0.0800","3"
"00690","兆豐藍籌30","323855","8882878","27.59","27.59","27.36","27.43","0.1800","63"
"00691R","兆豐藍籌30反1","2000","21400","10.70","10.70","10.70","10.70","0.0000","2"
"00692","富邦公司治理","2895727","82273050","28.64","28.73","28.27","28.30","0.0000","1531"
"00693U","街口S&P黃豆","9977089","179185841","17.84","18.01","17.84","17.99","0.2300","1058"
"00700","富邦恒生國企","109706","2128021","19.40","19.49","19.35","19.37","0.0100","23"
"00701","國泰股利精選30","1414495","30432398","21.54","21.58","21.49","21.53","0.0200","619"
"00702","國泰標普低波高息","50758","875195","17.27","17.28","17.21","17.22","0.2500","27"
"00703","台新MSCI中國","138685","3488118","25.21","25.32","25.08","25.18","-0.0300","26"
"00706L","元大S&P日圓正2","10000","178900","17.89","17.89","17.89","17.89","0.0100","2"
"00707R","元大S&P日圓反1","","","","","","","0.0000",""
"00708L","元大S&P黃金正2","2021661","61669570","30.53","30.59","30.43","30.46","-0.2100","614"
"00709","富邦歐洲","119120","2424234","20.36","20.38","20.32","20.32","0.0800","16"
"00710B","FH彭博高收益債","1315005","24431333","18.56","18.60","18.56","18.59","0.0400","92"
"00711B","FH彭博新興債","408535","9034383","22.22","22.22","22.08","22.08","-0.1600","26"
"00712","FH富時不動產","5681779","66907874","11.74","11.83","11.73","11.81","0.3100","1419"
"00713","元大台灣高息低波","203500","7191734","35.25","35.42","35.23","35.40","0.1700","131"
"00714","群益道瓊美國地產","215743","4106173","19.15","19.15","19.03","19.03","-0.0400","19"
"00715L","街口布蘭特油正2","52934038","186485425","3.49","3.55","3.48","3.54","0.1600","3416"
"00717","富邦美國特別股","1044242","17521828","16.79","16.79","16.77","16.77","0.0900","175"
"00728","第一金工業30","301859","7257934","23.91","24.30","23.91","24.00","0.1500","67"
"00730","富邦臺灣優質高息","497573","8569418","17.25","17.25","17.20","17.22","-0.0100","223"
"00731","FH富時高息低波","1151727","56334195","48.80","49.11","48.74","48.91","0.1300","90"
"00732","國泰RMB短期報酬","101000","3969160","39.16","39.30","39.16","39.30","0.1400","3"
"00733","富邦臺灣中小","224390","5460555","24.16","24.40","24.16","24.35","0.1300","31"
"00735","國泰臺韓科技","103922","2830065","27.33","27.33","27.17","27.19","0.2900","22"
"00736","國泰新興市場","130044","2793998","21.39","21.61","21.39","21.51","0.1300","21"
"00737","國泰AI+Robo","2235445","61290133","27.30","27.60","27.28","27.60","0.3100","247"
"00738U","元大道瓊白銀","1977320","51731781","26.24","26.24","26.10","26.12","-0.3300","705"
"00739","元大MSCI A股","314280","8260908","26.21","26.36","26.17","26.18","-0.0700","71"
"00742","新光內需收益","129375","2777140","21.46","21.50","21.46","21.50","0.0500","11"
"00743","國泰中國A150","18057","494389","27.42","27.42","27.29","27.30","-0.1300","8"
"00752","中信中國50","1647345","49828677","30.42","30.42","30.16","30.17","-0.1300","901"
"00753L","中信中國50正2","454000","17330420","38.59","38.60","37.71","37.85","-0.6400","166"
"00757","統一FANG+","1048959","41746300","40.22","40.22","39.66","39.71","-0.1400","472"
"00762","元大全球AI","353438","11645370","33.04","33.07","32.86","32.86","-0.0100","112"
"00763U","街口道瓊銅","183000","3893790","21.49","21.49","21.00","21.21","-0.1700","59"
"00766L","台新MSCI中國正2","27000","323140","12.04","12.04","11.89","11.95","-0.0500","8"
"00770","國泰北美科技","253131","7887391","31.26","31.27","31.12","31.12","-0.1100","49"
"00771","元大US高息特別股","90992","1762380","19.43","19.43","19.36","19.39","0.1900","44"
"00774B","新光中國政金綠債","802975","30938435","38.53","38.60","38.53","38.60","0.0700","6"
"00774C","新光中政金綠債+R","","","","","","","0.0000",""
"00775B","新光投等債15+","2978","132644","45.10","45.10","45.10","45.10","0.1000","4"
"00783","富邦中証500","1111044","24058914","21.73","21.74","21.60","21.62","-0.1300","54"
"008201","BP上證50","5200","633340","121.50","123.00","121.50","123.00","1.3000","11"
"00830","國泰費城半導體","893564","20763818","23.31","23.33","23.19","23.19","0.1200","276"
"00850","元大臺灣ESG永續","4693099","131733766","28.20","28.45","27.92","27.96","0.2000","2294"
"00851","台新全球AI","35701","978176","27.42","27.50","27.38","27.38","-0.1200","29"
"00852L","國泰美國道瓊正2","4204000","66334510","15.79","15.82","15.71","15.77","0.0900","570"
"00861","元大全球未來通訊","3932242","98932353","25.25","25.30","25.08","25.08","0.0300","1222"
"00865B","國泰US短期公債","202099","7595362","37.60","37.60","37.55","37.55","-0.0500","8"
"00866","新光Shiller CAPE","26316","573483","21.80","21.80","21.80","21.80","-0.0100","4"
"00875","國泰網路資安","680041","17779476","26.20","26.21","26.08","26.08","-0.1100","242"
"00876","元大未來關鍵科技","3932736","94123709","23.90","24.00","23.83","23.83","0.1300","974"
"00878","國泰永續高股息","35754935","540503256","15.13","15.16","15.09","15.13","0.0000","8990"
"01001T","土銀富邦R1","81000","1487570","18.37","18.37","18.36","18.37","0.0100","25"
"01002T","土銀國泰R1","334000","6228420","18.65","18.66","18.60","18.66","0.0600","78"
"01003T","兆豐新光R1","15150","297798","19.66","19.66","19.64","19.66","0.0000","6"
"01004T","土銀富邦R2","39000","654850","16.80","16.80","16.78","16.79","0.0100","20"
"01007T","兆豐國泰R2","202000","3871780","19.14","19.18","19.12","19.18","0.0600","83"
"01009T","王道圓滿R1","8000","78320","9.79","9.80","9.78","9.78","0.0000","6"
"01010T","京城樂富R1","12100","127952","10.58","10.58","10.56","10.58","-0.0200","13"
"020000","富邦特選蘋果N","50000","299420","6.02","6.03","5.97","5.98","0.0200","10"
"020002","元富新中國N","","","","","","","0.0000",""
"020004","兆豐電菁英30N","","","","","","","0.0000",""
"020006","永昌中小300N","","","","","","","0.0000",""
"020007","凱基臺灣500N","","","","","","","0.0000",""
"020008","元大特股高息N","6000","67680","11.28","11.28","11.28","11.28","0.0200","2"
"020011","統一微波高息20N","15000","76050","5.05","5.08","5.05","5.08","0.0300","5"
"020012","富邦行動通訊N","174000","1018420","5.87","5.88","5.84","5.85","0.0000","21"
"020015","統一MSCI美低波N","","","","","","","0.0000",""
"020016","統一MSCI美科技N","11000","176420","16.05","16.05","15.98","15.98","0.0200","4"
"020018","統一價值成長30N","239000","2669970","11.15","11.20","11.15","11.18","0.0300","26"
"020019","統一特選台灣5GN","913000","9667600","10.59","10.69","10.52","10.53","0.0400","101"
"02001L","富邦蘋果正二N","3000","23790","7.94","7.94","7.92","7.93","0.1300","3"
"02001R","富邦蘋果反一N","35000","133800","3.81","3.83","3.81","3.83","-0.0100","5"
"020020","元大台股領航N","3584000","19483700","5.50","5.50","5.40","5.42","0.0400","468"
"1101","台泥","15887725","676659030","42.60","42.75","42.35","42.75","0.4000","5698"
"1101B","台泥乙特","45","2407","","","","","0.0000","1"
"1102","亞泥","7640000","337370849","43.95","44.40","43.75","44.40","0.4500","3295"
"1103","嘉泥","2432471","42512442","17.25","17.60","17.25","17.45","0.2500","720"
"1104","環泥","6314219","142701430","22.20","23.05","22.00","23.00","1.2500","2746"
"1108","幸福","679170","7764345","11.35","11.50","11.35","11.40","0.0000","270"
"1109","信大","617330","12427602","20.10","20.20","20.05","20.20","0.1500","238"
"1110","東泥","97203","1663138","17.20","17.20","17.00","17.05","-0.0500","67"
"1201","味全","840069","17321615","20.75","20.80","20.50","20.60","-0.1000","429"
"1203","味王","197804","7198153","36.00","36.70","35.90","36.60","0.6000","138"
"1210","大成","2671446","124507061","46.90","46.90","46.35","46.80","0.1500","1182"
"1213","大飲","15501","134566","8.35","8.85","8.35","8.85","0.5300","13"
"1215","卜蜂","770955","55473333","72.50","72.50","71.70","71.90","-0.5000","572"
"1216","統一","10644043","720872806","68.00","68.00","67.30","67.90","-0.1000","5415"
"1217","愛之味","6919276","54768075","7.90","8.00","7.80","7.91","0.0400","1824"
"1218","泰山","1192617","27769001","23.25","23.40","23.20","23.30","0.1500","462"
"1219","福壽","345561","6546192","19.00","19.05","18.85","19.00","0.0000","174"
"1220","台榮","744172","9264536","12.55","12.65","12.20","12.50","0.1000","383"
"1225","福懋油","67381","2164886","32.10","32.25","32.00","32.25","0.2000","45"
"1227","佳格","1440157","90074471","63.30","63.30","62.30","62.60","-0.7000","1255"
"1229","聯華","2303517","95271805","41.60","41.60","41.20","41.35","-0.5000","1833"
"1231","聯華食","332371","14691812","44.60","44.60","44.15","44.15","-0.3000","257"
"1232","大統益","77066","9647265","125.50","125.50","125.00","125.50","0.5000","130"
"1233","天仁","31303","1127197","35.90","36.05","35.80","35.95","0.0500","35"
"1234","黑松","175277","5788978","33.05","33.20","32.90","33.10","0.0000","115"
"1235","興泰","8752","221088","25.45","25.45","25.05","25.05","-0.4500","19"
"1236","宏亞","17251","231026","13.45","13.50","13.30","13.50","0.0500","55"
"1256","鮮活果汁-KY","142986","45710889","315.00","325.00","313.50","325.00","10.0000","247"
"1301","台塑","12164823","1068816009","88.40","88.40","87.20","88.00","-0.1000","6588"
"1303","南亞","7698669","495634502","64.60","65.00","63.70","65.00","0.5000","3585"
"1304","台聚","12033456","227291176","18.65","19.15","18.45","19.10","0.4000","4387"
"1305","華夏","8138928","184054652","22.75","23.10","22.15","22.90","0.1000","3535"
"1307","三芳","113104","2414634","21.40","21.40","21.30","21.35","0.0000","78"
"1308","亞聚","1805253","34224761","18.90","19.15","18.75","19.05","0.0000","873"
"1309","台達化","17300067","516523278","29.75","30.40","29.05","30.20","0.4500","7558"
"1310","台苯","2796785","47677902","17.15","17.30","16.80","17.05","-0.1500","923"
"1312","國喬","20808598","489162671","23.30","23.85","23.05","23.70","0.3000","5899"
"1312A","國喬特","","","","","","","0.0000",""
"1313","聯成","5512428","80808955","14.50","14.90","14.40","14.75","0.1000","1734"
"1314","中石化","27691785","240104472","8.78","8.78","8.61","8.70","-0.0600","5671"
"1315","達新","589751","43006215","72.90","73.20","72.60","73.00","0.6000","431"
"1316","上曜","286081","3332744","11.70","11.70","11.60","11.60","-0.0500","117"
"1319","東陽","401035","15443384","38.30","38.70","38.25","38.65","0.3500","244"
"1321","大洋","119000","4239650","35.80","35.80","35.50","35.55","-0.1500","78"
"1323","永裕","63200","2072678","32.75","32.95","32.70","32.80","-0.1500","52"
"1324","地球","49114","488940","9.94","9.97","9.94","9.96","0.0100","35"
"1325","恆大","8313327","934542607","118.00","118.00","110.50","111.00","-11.5000","5761"
"1326","台化","9729449","757011888","78.10","78.50","77.30","78.00","0.2000","4371"
"1337","再生-KY","2011148","14956467","7.49","7.61","7.30","7.40","-0.1000","731"
"1338","廣華-KY","301743","17196284","57.20","57.70","56.40","57.00","-0.1000","251"
"1339","昭輝","79080","3392910","42.90","43.45","42.65","43.00","0.2000","65"
"1340","勝悅-KY","235443","2880345","12.35","12.35","12.15","12.20","-0.2000","160"
"1341","富林-KY","11008","642455","58.50","58.50","58.10","58.30","-0.4000","17"
"1402","遠東新","12481558","349064691","27.90","28.25","27.75","28.00","0.5000","4816"
"1409","新纖","3784110","44852483","11.85","11.90","11.80","11.90","0.0500","1109"
"1410","南染","32053","1078952","33.80","34.35","33.30","33.70","-0.2500","31"
"1413","宏洲","24812","211060","8.50","8.57","8.46","8.57","0.0700","23"
"1414","東和","5986977","98821822","15.55","17.05","15.55","17.05","1.5500","2369"
"1416","廣豐","576643","6615279","11.70","11.70","11.40","11.40","-0.2000","246"
"1417","嘉裕","1448667","15925167","11.10","11.20","10.90","11.00","-0.1500","502"
"1418","東華","9810","71310","7.43","7.43","7.21","7.30","-0.3700","11"
"1419","新紡","60075","2491262","41.40","41.75","41.35","41.75","0.3500","40"
"1423","利華","140001","2210266","15.80","15.95","15.70","15.75","0.1500","72"
"1432","大魯閣","1079879","17571084","16.75","16.75","16.05","16.15","-0.6500","624"
"1434","福懋","2584763","81853444","31.65","31.95","31.50","31.90","0.2500","1809"
"1435","中福","431118","8385577","19.50","19.95","19.05","19.45","-0.4000","227"
"1436","華友聯","90506","3475076","38.50","38.65","38.25","38.45","0.0000","62"
"1437","勤益控","146157","3478597","23.90","23.90","23.70","23.85","-0.0500","62"
"1438","三地開發","189832","2419805","12.80","12.80","12.50","12.80","0.0000","50"
"1439","中和","171169","4866243","28.15","28.80","28.15","28.30","0.1500","99"
"1440","南紡","14526154","210794891","14.50","14.70","14.20","14.70","0.4000","3150"
"1441","大東","358449","2947030","8.20","8.36","8.15","8.19","0.0400","166"
"1442","名軒","377080","6853333","18.15","18.25","18.10","18.20","-0.0500","151"
"1443","立益","46568","446507","9.44","9.83","9.44","9.80","0.1100","28"
"1444","力麗","23246814","283862256","12.15","12.45","11.95","12.30","0.1000","6045"
"1445","大宇","540210","6152078","11.40","11.60","11.25","11.50","0.1000","126"
"1446","宏和","120513","4165985","34.80","34.80","34.40","34.60","-0.0500","77"
"1447","力鵬","3753566","28789131","7.65","7.78","7.54","7.74","0.1100","1097"
"1449","佳和","493225","7119609","14.80","14.80","14.25","14.30","-0.5000","241"
"1451","年興","142805","2339180","16.45","16.45","16.30","16.45","-0.0500","131"
"1452","宏益","99319","1551243","15.70","15.75","15.60","15.60","-0.1000","54"
"1453","大將","69159","594738","8.61","8.68","8.57","8.57","0.0000","53"
"1454","台富","39874","335592","8.38","8.50","8.38","8.41","0.0000","27"
"1455","集盛","4623037","42543167","9.16","9.28","9.16","9.19","0.0900","1106"
"1456","怡華","40300","398331","9.86","9.93","9.84","9.88","0.0200","27"
"1457","宜進","1732205","24538842","14.25","14.30","14.00","14.25","0.0000","553"
"1459","聯發","37939","315586","8.40","8.40","8.29","8.36","-0.0200","31"
"1460","宏遠","615215","5817252","9.56","9.56","9.42","9.47","0.0100","264"
"1463","強盛","376107","4572381","12.10","12.30","12.05","12.30","0.2500","107"
"1464","得力","405500","7415507","18.40","18.40","18.20","18.30","-0.1000","254"
"1465","偉全","97191","1257298","13.05","13.10","12.85","13.00","0.0500","64"
"1466","聚隆","2138963","40544316","19.15","19.15","18.60","18.85","-0.5500","949"
"1467","南緯","2088237","37414702","18.25","18.30","17.75","17.85","-0.0500","936"
"1468","昶和","65001","778611","11.90","12.15","11.90","12.10","-0.1000","44"
"1470","大統新創","1010","18375","18.20","18.20","18.20","18.20","0.0000","3"
"1471","首利","550699","3375780","6.13","6.13","6.13","6.13","0.5500","151"
"1472","三洋紡","286091","2991296","10.40","10.65","10.30","10.65","0.2500","148"
"1473","台南","135990","2451334","18.10","18.15","17.95","18.05","-0.0500","84"
"1474","弘裕","817551","10256056","12.60","12.65","12.50","12.55","0.0000","294"
"1475","本盟","2002","50501","25.45","25.45","25.00","25.00","-0.6500","3"
"1476","儒鴻","716888","297422720","415.00","418.00","413.00","415.50","-2.0000","673"
"1477","聚陽","1240886","232734787","188.50","190.00","186.00","186.50","-1.5000","839"
"1503","士電","209799","10771242","51.70","51.80","51.00","51.50","0.1000","138"
"1504","東元","2642853","79683930","30.30","30.40","30.00","30.05","-0.4000","1581"
"1506","正道","143004","1514040","10.70","10.70","10.50","10.70","0.0000","62"
"1507","永大","61392","4093413","66.90","67.00","66.20","67.00","0.1000","70"
"1512","瑞利","88789","403577","4.60","4.70","4.50","4.69","0.0900","29"
"1513","中興電","16426450","787995970","47.50","48.70","47.00","47.65","0.1000","7035"
"1514","亞力","1420714","38221711","26.70","27.10","26.65","26.85","0.2500","863"
"1515","力山","2241076","170898182","77.50","77.90","75.60","75.80","-1.6000","1574"
"1516","川飛","219893","4819347","21.80","22.15","21.75","21.85","0.0500","99"
"1517","利奇","4083427","58300069","14.30","14.55","14.05","14.40","0.1000","1447"
"1519","華城","3769079","187005890","48.75","50.50","48.20","49.40","0.7000","2305"
"1521","大億","13121","733489","55.90","56.00","55.80","55.90","0.0000","15"
"1522","堤維西","236072","5017234","21.25","21.40","21.20","21.40","0.2000","144"
"1524","耿鼎","76409","716336","9.38","9.41","9.35","9.40","0.0300","66"
"1525","江申","187177","12352774","65.90","66.70","65.30","66.10","1.0000","146"
"1526","日馳","739305","36388874","49.40","49.65","49.05","49.05","-0.2500","473"
"1527","鑽全","447065","18683295","42.20","42.20","41.60","41.90","0.2000","321"
"1528","恩德","675590","5628662","8.40","8.47","8.20","8.25","-0.0200","283"
"1529","樂士","163238","2346128","14.30","14.50","14.20","14.40","0.2000","74"
"1530","亞崴","17492","524029","29.90","30.05","29.85","30.05","-0.1000","25"
"1531","高林股","314215","3740626","12.35","12.35","11.70","11.85","-0.2000","184"
"1532","勤美","704580","23718118","33.80","34.00","33.35","33.90","0.1500","410"
"1533","車王電","175400","5709996","32.65","32.95","32.20","32.65","0.0000","134"
"1535","中宇","104973","3634816","34.80","34.80","34.55","34.70","0.2000","57"
"1536","和大","1039205","99627850","96.70","96.70","95.30","95.70","0.2000","771"
"1537","廣隆","93452","13062336","140.00","140.00","139.50","140.00","0.0000","69"
"1538","正峰","40403","296127","7.16","7.59","7.16","7.59","-0.0800","51"
"1539","巨庭","56001","1083969","19.55","19.55","19.20","19.35","-0.1000","43"
"1540","喬福","210806","3160609","15.00","15.10","14.75","15.10","0.1000","86"
"1541","錩泰","97000","4993800","51.80","51.90","51.20","51.20","-1.1000","66"
"1558","伸興","122142","17089291","140.00","140.50","139.00","140.00","0.5000","113"
"1560","中砂","285450","17175124","60.40","60.50","59.90","60.00","-0.2000","181"
"1568","倉佑","101504","1773623","17.45","17.65","17.35","17.35","-0.0500","89"
"1582","信錦","581040","50502110","87.50","87.50","86.60","86.80","-0.6000","481"
"1583","程泰","4000","240000","60.00","60.00","60.00","60.00","0.1000","4"
"1587","吉茂","631407","16775819","26.50","26.90","26.30","26.50","0.2500","361"
"1589","永冠-KY","2581768","240679351","93.30","94.70","92.40","93.00","-1.1000","1432"
"1590","亞德客-KY","439761","354652215","808.00","813.00","796.00","809.00","12.0000","459"
"1592","英瑞-KY","1822055","17231416","9.90","9.90","9.27","9.31","-0.9900","675"
"1598","岱宇","12102904","1481458036","131.50","132.50","120.00","120.00","-13.0000","7208"
"1603","華電","54143","1542124","28.20","28.70","28.20","28.70","0.2000","46"
"1604","聲寶","1461818","37547736","25.70","25.80","25.55","25.80","0.1500","561"
"1605","華新","5972892","106900206","17.90","17.95","17.80","17.95","0.0500","1485"
"1608","華榮","7607337","83424800","10.70","11.15","10.65","10.90","0.2000","1856"
"1609","大亞","14165314","269686496","18.90","19.30","18.60","18.90","0.0500","4852"
"1611","中電","342955","3879432","11.45","11.45","11.25","11.30","-0.0500","229"
"1612","宏泰","8173901","128211845","15.25","16.05","15.15","15.95","0.6000","2492"
"1614","三洋電","136001","4886586","35.90","36.20","35.85","36.00","-0.1500","90"
"1615","大山","64779","1475821","23.00","23.00","22.65","22.80","-0.0500","54"
"1616","億泰","176451","976775","5.50","5.61","5.49","5.57","-0.0100","76"
"1617","榮星","37006","483077","13.05","13.15","13.00","13.15","0.1000","23"
"1618","合機","1475495","16363276","11.20","11.20","10.90","11.10","0.0500","458"
"1626","艾美特-KY","106520","2596641","24.60","24.80","23.90","24.80","0.2500","81"
"1701","中化","877657","20615048","23.65","23.70","23.40","23.50","-0.1000","517"
"1702","南僑","437789","19707298","45.40","45.40","44.90","45.00","0.1000","331"
"1707","葡萄王","312995","52721533","169.50","170.00","168.00","168.00","-1.0000","317"
"1708","東鹼","239847","5427936","22.55","22.75","22.55","22.75","0.2000","151"
"1709","和益","651402","9398433","14.45","14.55","14.35","14.40","0.0000","280"
"1710","東聯","1272363","21670034","16.95","17.10","16.95","17.05","0.1000","510"
"1711","永光","5156848","86935525","16.70","17.10","16.60","16.65","0.2000","1912"
"1712","興農","679624","13989325","20.70","20.80","20.50","20.60","-0.1000","365"
"1713","國化","71379","1296185","18.25","18.25","18.05","18.15","-0.1000","39"
"1714","和桐","5294091","52820017","9.97","10.05","9.90","10.05","0.0800","1572"
"1717","長興","5685172","197084447","34.40","34.95","34.20","34.85","0.5500","2561"
"1718","中纖","24097066","214600371","8.69","9.05","8.65","9.00","0.3300","5869"
"1720","生達","407742","15421453","37.90","38.00","37.70","37.80","-0.2000","237"
"1721","三晃","768022","7866613","10.20","10.40","10.15","10.15","0.1500","281"
"1722","台肥","2187676","117625283","54.00","54.10","53.30","53.60","-0.1000","1318"
"1723","中碳","395083","37747375","95.90","96.00","95.20","95.30","-0.5000","375"
"1724","台硝","22578","287773","12.80","12.80","12.65","12.80","0.1000","24"
"1725","元禎","15001","212563","14.00","14.35","14.00","14.30","0.1000","16"
"1726","永記","46262","3305032","71.10","71.90","71.10","71.50","0.4000","37"
"1727","中華化","31846","338855","10.60","10.75","10.60","10.75","0.1500","56"
"1730","花仙子","89538","6414702","72.20","72.20","71.20","71.70","-0.5000","110"
"1731","美吾華","502849","8742288","17.45","17.60","17.30","17.35","-0.0500","232"
"1732","毛寶","493167","10546615","21.75","21.75","21.10","21.30","-0.4500","299"
"1733","五鼎","301125","7278309","24.40","24.45","24.05","24.10","-0.3500","149"
"1734","杏輝","1121636","36067300","32.45","32.70","31.65","32.10","-0.3500","704"
"1735","日勝化","2002","34432","17.20","17.20","17.20","17.20","0.0000","4"
"1736","喬山","3775028","305868676","81.50","82.50","79.80","81.40","0.7000","2457"
"1737","臺鹽","367463","11977200","32.60","32.65","32.50","32.55","-0.0500","198"
"1760","寶齡富錦","1561801","158496930","103.00","103.50","100.00","101.00","-3.0000","1061"
"1762","中化生","1693348","107526855","64.70","64.70","63.00","63.30","-0.8000","1066"
"1773","勝一","237036","24872984","105.00","106.50","103.50","103.50","-1.0000","226"
"1776","展宇","4000","63200","15.80","15.80","15.80","15.80","0.1000","4"
"1783","和康生","103050","2367662","23.25","23.25","22.85","23.10","-0.0500","72"
"1786","科妍","201451","12908122","65.60","65.60","63.50","63.90","-1.1000","136"
"1789","神隆","1039520","29710383","28.95","28.95","28.45","28.65","-0.2000","645"
"1795","美時","1527662","130945322","85.20","86.60","84.30","85.80","1.0000","1077"
"1802","台玻","24314837","362270581","14.50","15.30","14.30","15.20","0.8500","6851"
"1805","寶徠","115855","1184891","10.10","10.45","10.05","10.35","0.2500","58"
"1806","冠軍","610329","3780973","6.21","6.26","6.15","6.24","0.0900","235"
"1808","潤隆","411136","25236630","61.70","61.70","61.10","61.20","-0.5000","320"
"1809","中釉","945583","10995903","11.55","11.70","11.50","11.65","0.1500","354"
"1810","和成","681000","6205910","9.20","9.20","9.08","9.12","-0.0600","210"
"1817","凱撒衛","119235","3867714","32.45","32.50","32.35","32.50","0.0500","67"
"1903","士紙","324410","22123818","67.90","68.90","67.90","68.30","0.4000","239"
"1904","正隆","12740194","408811804","32.65","32.80","31.70","32.00","-0.6500","5254"
"1905","華紙","5187599","51455142","9.97","10.05","9.86","9.89","-0.0200","1949"
"1906","寶隆","1042964","15779041","15.00","15.50","14.70","14.75","-0.2500","338"
"1907","永豐餘","14596915","334796301","23.15","23.50","22.50","22.95","-0.2000","5305"
"1909","榮成","9756964","166219865","17.00","17.30","16.80","17.10","0.3000","2611"
"2002","中鋼","35570393","777751992","21.65","22.00","21.65","21.95","0.3500","12624"
"2002A","中鋼特","65535","3280376","50.20","50.20","50.00","50.20","0.0000","39"
"2006","東和鋼鐵","18637461","596633034","30.95","32.60","30.95","32.50","1.6500","7447"
"2007","燁興","206500","1378647","6.74","6.76","6.62","6.71","-0.0300","99"
"2008","高興昌","12250","159775","13.00","13.15","13.00","13.05","-0.1500","10"
"2009","第一銅","5224182","52310958","9.83","10.30","9.74","10.25","0.5300","1516"
"2010","春源","5738596","72257650","12.80","12.80","12.50","12.60","-0.3500","1597"
"2012","春雨","627506","10077346","16.15","16.15","16.05","16.05","-0.1000","52"
"2013","中鋼構","754671","23153702","30.50","30.90","30.35","30.80","0.2000","402"
"2014","中鴻","4607742","46637816","10.10","10.20","10.05","10.15","0.1500","1257"
"2015","豐興","216145","12538022","58.30","58.30","57.70","58.20","0.0000","166"
"2017","官田鋼","770491","6760376","8.82","8.82","8.71","8.79","-0.0900","229"
"2020","美亞","659361","11188710","17.10","17.15","16.90","16.95","0.0000","253"
"2022","聚亨","355887","1885515","5.33","5.37","5.25","5.30","0.0000","168"
"2023","燁輝","11483118","122079360","10.65","10.90","10.45","10.50","0.0000","2801"
"2024","志聯","9752","145018","14.75","15.05","14.75","14.80","0.0000","12"
"2025","千興","198213","495214","2.45","2.55","2.45","2.50","0.0000","59"
"2027","大成鋼","14933285","367094363","24.25","24.80","24.25","24.65","0.5000","6264"
"2028","威致","7573000","115100066","15.25","15.30","14.50","15.30","1.3500","2119"
"2029","盛餘","255448","4879069","19.20","19.25","19.00","19.10","0.0500","114"
"2030","彰源","411541","4341456","10.60","10.70","10.45","10.60","0.0000","116"
"2031","新光鋼","1074447","34544777","32.35","32.50","31.90","32.05","-0.2000","518"
"2032","新鋼","192750","1980437","10.35","10.35","10.20","10.30","-0.0500","76"
"2033","佳大","56201","546417","9.70","9.75","9.70","9.75","0.0300","21"
"2034","允強","518715","12308096","23.70","23.85","23.65","23.80","0.1000","261"
"2038","海光","632227","6211284","9.93","9.96","9.75","9.85","0.0200","220"
"2049","上銀","1073294","318825682","301.00","301.00","295.00","297.00","-1.5000","1142"
"2059","川湖","333846","96881886","292.50","293.00","288.00","288.00","-4.5000","339"
"2062","橋椿","90000","2184650","24.30","24.50","24.20","24.25","-0.0500","69"
"2069","運錩","90200","1376850","15.25","15.50","15.15","15.35","0.2000","57"
"2101","南港","1649242","71382266","42.75","43.65","42.75","43.05","0.0500","504"
"2102","泰豐","5722864","111573797","20.15","20.20","19.05","19.50","-0.5500","1768"
"2103","台橡","3506420","73980145","21.75","21.75","20.90","21.05","0.2500","1226"
"2104","國際中橡","7352534","161339086","22.00","22.40","21.40","22.40","0.5000","3001"
"2105","正新","7653111","306991347","40.00","40.40","39.65","40.35","0.4000","3042"
"2106","建大","3993048","135917634","34.50","34.60","33.60","34.10","0.7000","1629"
"2107","厚生","6006924","135522920","22.15","22.95","21.85","22.85","0.9000","2692"
"2108","南帝","13391086","813268096","59.90","62.20","59.00","61.70","0.4000","7083"
"2109","華豐","411622","5073113","12.50","12.65","12.20","12.35","-0.1000","163"
"2114","鑫永銓","61116","5069135","83.00","83.20","82.70","82.80","-0.2000","47"
"2115","六暉-KY","145198","6462611","44.95","44.95","44.15","44.70","0.7000","118"
"2201","裕隆","5607421","211027544","37.65","38.25","36.80","38.10","0.4000","2862"
"2204","中華","776648","37399685","47.95","48.75","47.80","48.70","0.8000","591"
"2206","三陽工業","6964390","177834478","25.60","25.95","25.05","25.85","0.3000","2685"
"2207","和泰車","480411","331225289","700.00","700.00","676.00","696.00","8.0000","565"
"2208","台船","630323","15087353","24.05","24.10","23.85","23.95","0.0000","405"
"2227","裕日車","116664","29806806","256.00","256.50","255.00","256.50","1.5000","133"
"2228","劍麟","245427","20973275","86.10","86.10","84.80","84.80","-0.4000","204"
"2231","為升","3663122","724304730","196.00","202.00","194.00","196.00","3.0000","2769"
"2233","宇隆","922960","73490931","80.80","80.80","79.00","79.30","-1.0000","676"
"2236","百達-KY","18734","318031","17.00","17.00","16.90","16.95","0.0500","15"
"2239","英利-KY","635374","59190979","95.00","95.10","91.60","93.30","-0.4000","471"
"2241","艾姆勒","152301","8011502","53.10","53.10","52.40","53.00","0.0000","117"
"2243","宏旭-KY","81000","895100","11.00","11.20","10.90","11.20","0.3500","48"
"2247","汎德永業","348596","90686287","263.00","264.00","258.00","258.50","-2.5000","377"
"2301","光寶科","8402154","404397602","47.65","48.40","47.60","48.30","0.7000","4256"
"2302","麗正","3162527","63605304","20.10","20.45","19.80","19.80","-0.3500","1731"
"2303","聯電","162049333","5265426180","32.80","33.00","32.10","32.15","-0.0500","40429"
"2305","全友","261597","2028579","7.84","7.85","7.70","7.74","0.0000","128"
"2308","台達電","7871981","1609023567","205.00","206.00","202.50","205.50","3.5000","4034"
"2312","金寶","14972230","162987006","11.00","11.05","10.75","10.85","-0.1500","2841"
"2313","華通","17345065","817570736","47.30","47.70","46.60","46.65","-0.1500","7950"
"2314","台揚","1502440","35622188","24.00","24.10","23.50","23.50","-0.4000","727"
"2316","楠梓電","907633","27155846","29.75","30.25","29.55","30.15","0.4000","607"
"2317","鴻海","45390693","3760327206","83.10","83.30","82.30","83.00","0.4000","17332"
"2321","東訊","159168","1332205","8.20","8.75","8.20","8.21","0.0300","114"
"2323","中環","5354967","42687946","8.04","8.05","7.93","7.95","-0.0400","1233"
"2324","仁寶","13011069","252917002","19.50","19.55","19.35","19.40","0.0000","3814"
"2327","國巨","7658381","3062201598","399.50","403.00","397.00","398.50","2.0000","6268"
"2328","廣宇","2292885","41619516","18.20","18.25","18.00","18.25","0.1500","728"
"2329","華泰","2948497","34451069","11.85","11.85","11.55","11.70","-0.0500","910"
"2330","台積電","75763870","37446278783","502.00","506.00","485.50","485.50","1.5000","68560"
"2331","精英","16130748","305233949","17.70","19.40","17.65","19.40","1.7500","5142"
"2332","友訊","7654398","154481197","20.40","20.45","20.00","20.05","-0.2500","2642"
"2337","旺宏","151129704","4997572391","32.95","33.95","32.90","33.65","1.4000","52239"
"2338","光罩","52734444","1751058822","32.75","34.30","32.15","33.20","0.5000","23392"
"2340","光磊","12131711","310910417","25.75","25.85","25.45","25.50","0.1000","4582"
"2342","茂矽","3137665","94790494","30.60","30.75","29.65","29.95","-0.3500","1713"
"2344","華邦電","46996004","813403996","17.10","17.45","17.10","17.20","0.1500","12267"
"2345","智邦","4775047","1155617847","241.00","245.00","238.50","244.00","5.0000","3708"
"2347","聯強","5401551","234748742","43.55","44.05","43.15","43.20","-0.3000","2999"
"2348","海悅","1591270","150505218","94.50","95.90","94.20","94.40","-0.9000","444"
"2349","錸德","2912716","30199831","10.45","10.50","10.30","10.30","-0.0500","900"
"2351","順德","1711035","113905237","67.50","68.30","65.60","65.80","-1.5000","1244"
"2352","佳世達","19571539","419453137","21.50","21.55","21.25","21.50","0.1500","6362"
"2353","宏碁","22075426","500474732","22.80","22.90","22.50","22.80","0.0500","6991"
"2354","鴻準","2455611","126121104","51.60","51.70","51.20","51.30","-0.2000","1771"
"2355","敬鵬","2006803","58716103","29.05","29.65","28.90","29.45","0.4000","1045"
"2356","英業達","9503491","217804477","22.90","23.00","22.85","22.85","-0.0500","3376"
"2357","華碩","3691582","927472790","250.00","253.00","249.50","250.00","0.5000","2755"
"2358","廷鑫","135381","1999490","14.80","14.90","14.70","14.85","-0.0500","76"
"2359","所羅門","203531","3699676","18.25","18.25","18.10","18.25","0.1000","130"
"2360","致茂","563816","84736790","150.50","151.50","149.00","149.00","-1.5000","465"
"2362","藍天","370349","11007862","29.85","29.95","29.60","29.85","0.0500","242"
"2363","矽統","4731104","52980022","11.25","11.30","11.10","11.15","0.0500","1471"
"2364","倫飛","102679","388242","3.81","3.82","3.75","3.75","-0.0900","48"
"2365","昆盈","1123047","12640057","11.40","11.40","11.15","11.20","-0.0500","452"
"2367","燿華","7309388","156377693","21.00","21.60","21.00","21.35","0.4500","3118"
"2368","金像電","24581315","1120276453","44.75","46.25","44.60","45.45","1.1000","12851"
"2369","菱生","2735765","31208001","11.55","11.60","11.30","11.30","0.0000","855"
"2371","大同","9146011","177990405","19.65","19.65","19.25","19.60","-0.0500","2238"
"2373","震旦行","21462","1868801","87.40","87.40","86.60","87.20","0.4000","26"
"2374","佳能","6834831","93414413","13.30","13.80","13.25","13.65","0.3500","1224"
"2375","凱美","19452069","1159083193","58.70","60.40","58.70","60.00","1.6000","10914"
"2376","技嘉","4309525","322031048","74.10","75.30","73.60","74.70","0.8000","2817"
"2377","微星","5863758","706827051","119.00","121.50","118.50","121.00","2.5000","3743"
"2379","瑞昱","4318845","1620517498","374.00","380.50","371.00","372.00","3.0000","3920"
"2380","虹光","548629","3389772","6.19","6.23","6.14","6.17","-0.0200","217"
"2382","廣達","21292393","1607355010","76.60","77.00","74.90","75.60","-0.5000","8436"
"2383","台光電","5953216","981613331","168.00","170.00","161.50","162.00","-1.0000","4550"
"2385","群光","1779937","154067811","86.20","86.90","86.20","86.60","-0.1000","1240"
"2387","精元","2690984","184624991","69.00","69.60","68.00","68.40","-0.3000","1601"
"2388","威盛","825438","31218188","37.80","38.15","37.60","37.60","-0.0500","542"
"2390","云辰","1660622","24794038","14.95","15.10","14.65","14.80","0.1000","736"
"2392","正崴","6795857","287146173","41.85","42.60","41.80","42.15","0.5500","3581"
"2393","億光","2782501","105301848","38.20","38.20","37.65","37.90","0.0500","1793"
"2395","研華","883267","272689712","307.50","312.00","306.50","308.50","1.0000","809"
"2397","友通","45020","2927712","65.00","65.50","64.80","65.10","0.3000","34"
"2399","映泰","39207726","702750281","17.95","18.65","17.20","17.25","-0.0500","13807"
"2401","凌陽","11142877","166780763","15.10","15.30","14.70","14.85","-0.1000","3460"
"2402","毅嘉","1296713","22488009","17.60","17.65","17.20","17.30","-0.1500","643"
"2404","漢唐","1896386","405275242","216.00","216.50","211.50","213.50","-1.5000","1541"
"2405","浩鑫","986667","9053340","9.13","9.27","9.10","9.22","0.1000","409"
"2406","國碩","10970045","240846188","20.50","22.55","19.90","22.55","2.0500","3877"
"2408","南亞科","48921143","3266605278","65.50","67.40","65.50","67.10","2.9000","24486"
"2409","友達","107987042","1136532183","10.65","10.75","10.40","10.50","-0.1500","14935"
"2412","中華電","8249369","902878214","109.00","110.00","108.50","110.00","0.5000","4452"
"2413","環科","1705662","32777593","18.50","19.60","18.50","19.25","0.8500","812"
"2414","精技","195547","4969778","25.40","25.75","25.25","25.30","-0.0500","136"
"2415","錩新","113138","1763335","15.60","15.85","15.40","15.80","0.3000","83"
"2417","圓剛","12528326","712019459","57.00","58.10","55.70","56.90","-0.7000","7013"
"2419","仲琦","11189344","251706062","22.80","22.85","21.80","22.20","-0.6000","4663"
"2420","新巨","273459","8966202","32.70","33.00","32.65","33.00","0.2500","151"
"2421","建準","2058317","111185863","54.00","54.60","53.70","53.70","0.0000","1462"
"2423","固緯","177297","4082700","23.20","23.20","22.90","22.90","-0.1500","104"
"2424","隴華","17000","315600","18.70","18.70","18.50","18.50","-0.2000","10"
"2425","承啟","6065260","185802804","30.75","31.00","30.15","30.80","0.6500","2711"
"2426","鼎元","4110601","65833562","16.20","16.25","15.90","16.00","-0.1500","1666"
"2427","三商電","271596","2926375","10.85","10.85","10.75","10.80","0.0000","82"
"2428","興勤","2769925","385981010","142.00","143.50","136.50","137.50","-3.0000","1984"
"2429","銘旺科","89074","1693563","19.10","19.20","18.85","19.20","0.0000","75"
"2430","燦坤","211265","4031357","19.20","19.30","18.90","19.05","0.0500","131"
"2431","聯昌","10340757","116265447","10.80","11.40","10.80","11.15","0.3500","1373"
"2433","互盛電","92930","4678501","50.30","50.40","50.30","50.40","0.3000","71"
"2434","統懋","5925","154383","26.15","26.15","26.15","26.15","0.0000","7"
"2436","偉詮電","2639238","85123460","32.40","32.65","31.95","32.00","-0.2000","1477"
"2438","翔耀","40575","256400","6.26","6.49","6.26","6.41","0.1500","29"
"2439","美律","1456694","206745272","141.50","143.00","141.00","141.50","0.5000","1040"
"2440","太空梭","274848","3245587","11.85","11.95","11.65","11.80","0.0000","137"
"2441","超豐","2902740","153617528","53.00","53.60","52.40","52.50","0.1000","1603"
"2443","億麗","505620","2118274","4.23","4.26","4.10","4.18","-0.0200","186"
"2444","兆勁","357926","5082044","14.30","14.30","14.10","14.15","-0.1500","138"
"2448","晶電","43954890","1643979887","37.00","38.00","36.65","37.60","0.9500","18952"
"2449","京元電子","11498286","376245080","32.75","33.00","32.50","32.55","0.0500","5128"
"2450","神腦","58190","1677515","28.80","28.95","28.75","28.95","0.1500","93"
"2451","創見","544764","34721677","63.80","64.00","63.50","63.90","0.2000","449"
"2453","凌群","184000","3093850","16.90","16.95","16.70","16.80","-0.1000","92"
"2454","聯發科","6537087","4557362547","701.00","703.00","691.00","696.00","2.0000","5665"
"2455","全新","6766520","620962217","91.90","93.00","90.00","90.20","-0.8000","5025"
"2456","奇力新","7477376","869083388","118.00","118.50","114.50","115.00","-1.5000","5039"
"2457","飛宏","5002690","58158385","11.40","11.75","11.40","11.70","0.3500","1423"
"2458","義隆","3031830","403548563","134.00","135.00","131.50","132.00","-1.5000","2151"
"2459","敦吉","591894","27112923","45.35","46.20","45.15","46.10","1.1000","398"
"2460","建通","440548","6281453","14.55","14.55","14.10","14.25","0.0000","142"
"2461","光群雷","677013","10950455","16.25","16.30","16.00","16.15","-0.0500","281"
"2462","良得電","114033","3033368","26.60","26.80","26.40","26.65","0.4000","85"
"2464","盟立","1993907","84788720","42.45","42.90","42.05","42.15","0.3000","1233"
"2465","麗臺","3459417","61961884","18.40","18.65","17.00","17.50","-0.5000","1679"
"2466","冠西電","126494","3839150","30.20","30.50","30.20","30.40","0.2000","77"
"2467","志聖","5689642","199141203","35.90","36.90","34.05","34.10","-1.6000","3431"
"2468","華經","63001","829413","13.15","13.20","13.10","13.15","0.0000","34"
"2471","資通","362392","8028181","22.35","22.55","22.00","22.05","-0.3000","216"
"2472","立隆電","4385203","255247629","58.80","59.20","57.30","57.80","0.6000","2773"
"2474","可成","2889307","544511075","190.00","190.50","187.50","188.00","-1.0000","2170"
"2476","鉅祥","200192","3846886","19.20","19.30","19.15","19.25","0.1000","105"
"2477","美隆電","618237","20081377","32.50","33.15","31.90","32.55","0.4500","452"
"2478","大毅","1634882","114206009","70.30","70.70","69.10","69.30","-0.6000","1099"
"2480","敦陽科","465198","31173209","67.70","67.70","66.40","67.10","-0.1000","341"
"2481","強茂","39167010","1578179233","41.90","41.90","39.50","39.50","-1.8500","20439"
"2482","連宇","33263","339923","10.25","10.30","10.15","10.20","-0.1000","56"
"2483","百容","23287","445070","19.10","19.15","19.05","19.15","0.1000","22"
"2484","希華","464068","9731013","21.00","21.05","20.90","20.95","0.0000","233"
"2485","兆赫","548643","10106048","18.40","18.60","18.25","18.45","0.1000","294"
"2486","一詮","47298460","737441001","14.60","15.70","14.55","15.65","1.3500","10145"
"2488","漢平","94016","2709856","28.75","29.00","28.75","28.80","0.0500","65"
"2489","瑞軒","2090323","22389014","10.85","10.85","10.60","10.75","0.0000","682"
"2491","吉祥全","37883","329101","8.69","8.80","8.65","8.67","-0.0200","28"
"2492","華新科","6125580","1152565777","190.00","190.00","187.00","187.00","-1.0000","4339"
"2493","揚博","491001","16264136","33.15","33.30","33.00","33.05","0.0000","281"
"2495","普安","264500","3275249","12.45","12.45","12.30","12.45","0.2000","88"
"2496","卓越","12116","726955","60.00","60.10","60.00","60.00","0.0000","9"
"2497","怡利電","1537802","37794556","25.60","25.60","24.05","24.50","-0.5500","835"
"2498","宏達電","3435580","97945429","28.70","28.75","28.40","28.55","0.0000","1883"
"2501","國建","649569","13048392","20.05","20.25","20.00","20.15","0.1000","297"
"2504","國產","3718620","105083002","28.40","28.65","28.10","28.15","-0.3000","1688"
"2505","國揚","2519878","61752264","24.60","24.70","24.40","24.50","-0.0500","920"
"2506","太設","146514","1417137","9.70","9.72","9.63","9.64","-0.0500","69"
"2509","全坤建","103391","1977607","19.10","19.25","19.00","19.20","0.1000","52"
"2511","太子","2425280","26463771","10.95","11.00","10.80","10.95","0.0500","500"
"2514","龍邦","309199","4235669","13.60","13.80","13.55","13.70","0.1000","100"
"2515","中工","3378298","25637311","7.59","7.63","7.56","7.59","0.0000","788"
"2516","新建","114566","576522","5.05","5.06","5.01","5.01","-0.0500","67"
"2520","冠德","1381720","50272095","36.25","36.55","36.10","36.50","0.3000","764"
"2524","京城","86786","3331745","38.30","38.60","37.85","38.40","-0.2000","59"
"2527","宏璟","359747","6561445","18.30","18.45","18.10","18.30","0.0000","125"
"2528","皇普","424325","11038321","26.50","26.80","25.80","25.95","-0.5500","171"
"2530","華建","7555748","110638194","15.10","15.15","14.45","14.85","-0.2500","727"
"2534","宏盛","501625","8807838","17.65","17.70","17.45","17.60","-0.0500","278"
"2535","達欣工","2207606","58904674","26.60","26.80","26.55","26.75","0.1000","994"
"2536","宏普","220345","5186488","23.60","23.60","23.50","23.60","0.1000","129"
"2537","聯上發","11497279","114162231","10.20","10.20","9.79","9.80","-0.5000","3388"
"2538","基泰","184039","1807498","9.85","9.85","9.80","9.84","-0.0100","104"
"2539","櫻花建","258659","7935819","30.50","30.80","30.50","30.75","0.1500","119"
"2540","愛山林","481310","31812134","65.50","67.80","65.10","65.50","0.0000","286"
"2542","興富發","1539482","66754840","43.65","43.65","43.20","43.40","-0.0500","1041"
"2543","皇昌","26835","187555","6.97","7.08","6.96","7.08","-0.0100","22"
"2545","皇翔","534762","21080320","39.00","39.90","38.90","39.80","0.9000","331"
"2546","根基","253562","12092695","48.00","48.00","47.20","47.70","-0.5000","193"
"2547","日勝生","998916","10616539","10.70","10.70","10.60","10.65","-0.0500","389"
"2548","華固","652416","58000804","89.00","89.10","88.60","88.90","0.3000","516"
"2597","潤弘","118456","7422445","62.90","63.00","62.50","63.00","0.3000","67"
"2601","益航","25116459","231305760","9.12","9.35","9.06","9.19","0.1000","2300"
"2603","長榮","165470224","3461447346","20.60","21.30","20.40","21.10","0.6000","30431"
"2605","新興","2635173","39013620","14.90","14.95","14.70","14.90","0.0500","929"
"2606","裕民","2649949","77757446","29.60","29.60","29.20","29.50","0.1500","1209"
"2607","榮運","1199910","17946829","15.05","15.05","14.90","14.90","-0.1000","375"
"2608","嘉里大榮","80018","3235039","40.25","40.60","40.25","40.60","0.2000","77"
"2609","陽明","53068430","658692619","12.45","12.60","12.10","12.50","0.0000","11854"
"2610","華航","47273192","429825224","9.15","9.15","9.02","9.05","0.1400","14942"
"2611","志信","411183","2921861","7.09","7.13","7.08","7.11","0.0400","114"
"2612","中航","313522","8215440","26.45","26.45","26.05","26.30","0.1000","196"
"2613","中櫃","860426","14935537","17.40","17.55","17.00","17.35","0.1500","416"
"2614","東森","3426914","59038976","17.35","17.40","17.10","17.25","-0.1000","1187"
"2615","萬海","31627272","1034490719","31.55","34.10","31.25","33.35","1.8000","12952"
"2616","山隆","137220","4229179","30.80","30.85","30.75","30.80","0.0000","110"
"2617","台航","795349","13589021","17.15","17.25","17.00","17.15","0.0000","264"
"2618","長榮航","52029034","627554158","12.00","12.20","11.90","12.10","0.3500","9705"
"2630","亞航","26000","417700","16.10","16.15","16.00","16.10","0.0000","21"
"2633","台灣高鐵","7028295","221532273","31.65","31.70","31.40","31.55","-0.1000","2691"
"2634","漢翔","1126385","32115789","28.50","28.65","28.45","28.55","0.1000","700"
"2636","台驊投控","1264485","47299203","37.95","37.95","37.05","37.80","0.1000","700"
"2637","慧洋-KY","859743","18735680","21.80","21.90","21.70","21.90","0.1000","425"
"2642","宅配通","215555","7280375","33.85","34.00","33.65","33.95","0.0000","162"
"2701","萬企","240912","2835839","11.85","11.90","11.70","11.90","0.0500","117"
"2702","華園","117006","1901621","16.25","16.45","16.15","16.20","0.1000","74"
"2704","國賓","197975","5924710","29.70","30.05","29.70","30.00","0.3500","139"
"2705","六福","558759","12589319","22.75","22.80","22.35","22.35","-0.4000","341"
"2706","第一店","225095","3096991","13.70","13.95","13.70","13.95","0.2500","140"
"2707","晶華","810303","112203024","139.00","140.00","136.00","138.00","3.5000","644"
"2712","遠雄來","4000","192350","47.20","48.40","47.20","48.40","0.6000","4"
"2722","夏都","76040","2107462","27.50","28.00","27.10","27.70","0.8000","48"
"2723","美食-KY","3285656","456279581","140.50","142.50","135.50","140.00","-0.5000","2564"
"2727","王品","2585069","269472283","106.00","107.00","102.00","105.00","-1.0000","2003"
"2731","雄獅","805114","59067360","72.70","75.20","72.50","72.90","2.8000","642"
"2739","寒舍","126000","3195050","25.30","25.75","25.15","25.15","-0.1000","78"
"2748","雲品","181620","7642211","41.60","42.90","41.60","41.90","0.7000","142"
"2801","彰銀","4207842","75561471","18.00","18.00","17.85","18.00","0.0000","1590"
"2809","京城銀","933630","36412997","39.20","39.20","38.90","39.00","0.0000","771"
"2812","台中銀","3161679","34745675","11.05","11.05","10.95","11.00","-0.0500","1202"
"2816","旺旺保","118329","2367768","20.10","20.10","19.95","20.05","0.0000","81"
"2820","華票","508320","7588100","15.00","15.00","14.85","14.95","0.0000","317"
"2823","中壽","6874989","139872838","20.45","20.45","20.30","20.35","-0.0500","2642"
"2832","台產","56210","1131988","20.20","20.20","20.10","20.15","-0.0500","64"
"2834","臺企銀","9380027","92431388","9.89","9.89","9.82","9.89","0.0000","3153"
"2836","高雄銀","579960","5921837","10.20","10.25","10.20","10.20","-0.0500","147"
"2838","聯邦銀","1192268","12283164","10.35","10.35","10.25","10.35","0.0500","596"
"2838A","聯邦銀甲特","149000","7754500","52.00","52.20","52.00","52.20","0.1000","34"
"2841","台開","1274818","9540213","7.56","7.57","7.40","7.42","-0.0500","449"
"2845","遠東銀","3055627","32705743","10.70","10.75","10.60","10.75","0.0500","1076"
"2849","安泰銀","245673","3779230","15.40","15.70","15.15","15.65","0.2500","174"
"2850","新產","411020","15904891","38.75","38.80","38.25","38.75","0.4500","260"
"2851","中再保","455084","10159427","22.40","22.40","22.25","22.30","0.0000","265"
"2852","第一保","78195","1021504","13.10","13.10","13.05","13.10","-0.0500","42"
"2855","統一證","852768","12962463","15.20","15.25","15.15","15.25","0.0500","388"
"2867","三商壽","2235252","19210341","8.65","8.65","8.57","8.59","-0.0600","818"
"2880","華南金","8815647","162714873","18.50","18.50","18.35","18.50","0.0000","3942"
"2881","富邦金","25860782","1177346106","45.55","45.80","45.15","45.55","0.0000","8189"
"2881A","富邦特","211721","13092226","61.90","61.90","61.80","61.90","0.0000","66"
"2881B","富邦金乙特","132858","8184678","61.70","61.80","61.60","61.80","0.1000","53"
"2882","國泰金","41461513","1714539590","41.30","41.50","41.05","41.50","0.5500","14069"
"2882A","國泰特","79365","4916429","61.90","62.00","61.90","62.00","0.0000","22"
"2882B","國泰金乙特","14403","898964","62.50","62.60","62.40","62.60","0.0000","13"
"2883","開發金","24932788","215907184","8.68","8.70","8.63","8.66","-0.0200","6301"
"2884","玉山金","19659683","511434686","26.05","26.10","25.90","26.10","-0.0500","6791"
"2885","元大金","33808411","639304991","18.95","19.00","18.80","18.90","0.1000","12713"
"2886","兆豐金","20044183","588610178","29.50","29.50","29.20","29.45","0.0000","6134"
"2887","台新金","11921935","157855109","13.25","13.30","13.15","13.30","0.0000","2872"
"2887E","台新戊特","25301","1338868","53.00","53.00","52.80","52.90","-0.1000","16"
"2887F","台新戊特二","56408","2878237","51.10","51.10","51.00","51.00","-0.2000","31"
"2888","新光金","40020128","344472026","8.61","8.63","8.56","8.63","0.0500","5337"
"2888A","新光金甲特","19152","834961","43.70","43.75","43.70","43.70","0.0000","33"
"2888B","新光金乙特","287298","12124817","42.20","42.25","42.15","42.20","0.0000","141"
"2889","國票金","3269604","39435772","12.05","12.10","12.00","12.05","0.0000","1110"
"2890","永豐金","23008031","257427753","11.30","11.30","11.15","11.15","-0.1000","3393"
"2891","中信金","50247626","997363920","19.95","19.95","19.75","19.90","0.0500","12200"
"2891B","中信金乙特","10529","676689","64.30","64.50","64.30","64.50","0.0000","29"
"2891C","中信金丙特","130","8051","","","","","0.0000","3"
"2892","第一金","18539186","400266848","21.65","21.65","21.50","21.65","0.0000","5021"
"2897","王道銀行","1836268","12021790","6.56","6.56","6.53","6.56","0.0100","539"
"2897A","王道銀甲特","15957","161865","10.15","10.15","10.10","10.15","0.0500","8"
"2901","欣欣","38376","920859","24.00","24.10","23.95","24.00","-0.0500","32"
"2903","遠百","506516","12522190","24.60","24.85","24.60","24.80","0.2500","380"
"2904","匯僑","111478","2822277","25.40","25.40","25.25","25.30","0.0000","81"
"2905","三商","580359","12179314","20.90","21.15","20.90","21.00","-0.0500","321"
"2906","高林","2851478","41285644","14.75","14.75","14.25","14.55","-0.1000","708"
"2908","特力","214271","5812542","27.25","27.30","27.05","27.05","-0.2500","141"
"2910","統領","16174","556878","33.90","35.40","33.90","34.85","1.0000","19"
"2911","麗嬰房","215726","1413950","6.58","6.58","6.53","6.56","-0.0200","111"
"2912","統一超","1720247","462834021","270.00","271.00","267.50","268.50","-1.5000","1563"
"2913","農林","551668","9283132","16.85","16.90","16.75","16.90","0.0000","217"
"2915","潤泰全","2688485","186465995","69.10","69.80","68.80","69.30","0.7000","1232"
"2923","鼎固-KY","141100","3491950","24.50","25.15","24.20","25.15","0.5500","93"
"2929","淘帝-KY","1197701","37874222","32.30","32.30","31.00","31.50","0.7000","785"
"2936","客思達-KY","78000","1772950","22.75","22.95","22.60","22.70","-0.0500","38"
"2939","凱羿-KY","2162406","183957563","81.20","89.30","81.20","84.60","3.4000","796"
"3002","歐格","209417","2576902","12.35","12.45","12.15","12.30","0.1000","110"
"3003","健和興","872550","36138283","41.45","42.00","40.95","41.60","0.6000","608"
"3004","豐達科","288150","15651124","54.50","55.00","53.70","54.00","0.3000","218"
"3005","神基","726196","34894385","48.00","48.30","47.90","48.10","-0.1000","474"
"3006","晶豪科","3747566","157761580","42.45","42.65","41.70","41.80","-0.4000","1817"
"3008","大立光","555431","1856861510","3370.00","3370.00","3320.00","3330.00","10.0000","1979"
"3010","華立","2278135","157707585","69.70","69.80","68.60","69.10","-0.6000","1503"
"3011","今皓","79477","489251","6.14","6.17","6.13","6.17","0.0700","33"
"3013","晟銘電","425556","5552045","13.00","13.20","12.90","12.95","-0.0500","158"
"3014","聯陽","1281722","89402573","70.20","70.60","69.20","69.40","-0.5000","908"
"3015","全漢","4269991","159148123","37.85","38.30","36.60","37.05","-1.0500","2465"
"3016","嘉晶","2812929","174380486","62.30","62.80","61.10","62.00","0.1000","1880"
"3017","奇鋐","27238183","2036872006","76.60","77.00","73.40","73.90","-3.4000","16037"
"3018","同開","182755","3524847","19.40","19.50","19.05","19.40","-0.1000","249"
"3019","亞光","1861085","128982730","69.20","69.60","68.90","69.40","0.7000","1284"
"3021","鴻名","110900","1588384","14.35","14.45","14.25","14.25","0.0500","65"
"3022","威強電","204401","9378370","46.10","46.10","45.65","45.90","-0.1000","174"
"3023","信邦","358332","70570700","197.50","198.50","195.50","196.50","0.0000","384"
"3024","憶聲","4162978","49008151","11.95","12.00","11.60","11.75","-0.2500","1432"
"3025","星通","257198","5298710","20.90","20.90","20.40","20.60","0.0000","151"
"3026","禾伸堂","1301914","143840760","112.00","112.00","109.00","109.50","-1.0000","1014"
"3027","盛達","1478218","29221573","19.60","20.10","19.40","19.60","0.0000","718"
"3028","增你強","620771","13307515","21.65","21.65","21.30","21.45","-0.1000","249"
"3029","零壹","463540","17793766","38.70","38.80","38.20","38.30","-0.4000","345"
"3030","德律","731058","40930182","56.40","56.60","55.60","55.70","-0.7000","523"
"3031","佰鴻","2359566","34569883","14.25","14.95","14.15","14.35","0.3000","1130"
"3032","偉訓","1152418","51714005","45.60","45.65","44.50","44.50","-1.0000","777"
"3033","威健","2639901","49567245","18.90","18.90","18.65","18.80","0.0500","910"
"3034","聯詠","5169508","1515871039","293.50","297.00","290.00","291.00","0.0000","4057"
"3035","智原","3564045","161933496","45.55","45.85","45.00","45.35","0.2000","2393"
"3036","文曄","995684","39070869","39.45","39.45","39.05","39.25","-0.0500","545"
"3036A","文曄甲特","231000","11071550","48.00","48.00","47.80","47.95","-0.0500","111"
"3037","欣興","38848391","2923119674","75.00","76.00","74.50","74.60","0.0000","19857"
"3038","全台","1114243","19472881","17.65","17.65","17.40","17.40","-0.2500","524"
"3040","遠見","503787","19075420","38.50","38.50","37.60","37.90","0.0000","333"
"3041","揚智","8328612","241137134","29.45","29.55","28.50","28.85","0.7500","3842"
"3042","晶技","5173971","408627732","79.30","79.80","78.40","78.40","-1.6000","3137"
"3043","科風","799630","4944199","6.03","6.30","6.03","6.12","0.0900","209"
"3044","健鼎","1599545","192369844","122.00","122.50","119.00","119.00","-2.5000","1184"
"3045","台灣大","5286237","524040187","99.30","99.70","98.40","99.00","-0.5000","3286"
"3046","建碁","22463","320391","14.40","14.40","14.20","14.20","-0.1000","20"
"3047","訊舟","5786767","85178405","15.10","15.15","14.50","14.55","-0.6500","2321"
"3048","益登","3800229","77521626","20.45","20.70","20.25","20.30","-0.1000","1562"
"3049","和鑫","4220276","42912425","10.25","10.30","10.10","10.15","-0.0500","1119"
"3050","鈺德","4992022","61228974","11.90","12.60","11.85","12.25","0.4000","1271"
"3051","力特","2227710","11185867","4.86","5.17","4.80","5.00","0.2400","354"
"3052","夆典","910591","10699732","11.80","11.80","11.70","11.75","0.0500","350"
"3054","立萬利","11659","265265","23.05","23.05","22.65","22.90","0.0500","17"
"3055","蔚華科","363038","11942131","33.10","33.20","32.60","32.60","-0.2500","229"
"3056","總太","1469650","58372326","39.75","39.90","39.45","39.70","0.3500","736"
"3057","喬鼎","171656","1760776","10.25","10.35","10.20","10.20","-0.1000","148"
"3058","立德","290577","2310180","7.95","8.05","7.90","8.00","0.0700","128"
"3059","華晶科","540695","14094770","26.20","26.20","26.00","26.00","-0.2000","272"
"3060","銘異","373633","5070195","13.60","13.65","13.50","13.60","0.0500","172"
"3062","建漢","1674550","24868875","14.80","14.95","14.65","14.90","0.1000","609"
"3090","日電貿","387167","17931646","46.35","46.65","46.15","46.30","0.1500","303"
"3094","聯傑","189059","3990589","21.10","21.25","20.95","21.15","0.2500","115"
"3130","一零四","6183","949438","151.50","154.50","151.50","154.50","3.0000","15"
"3149","正達","7966791","132673407","16.40","16.95","16.30","16.70","0.7500","3351"
"3164","景岳","79125","1787327","22.70","22.80","22.40","22.60","0.1000","50"
"3167","大量","59315","2550919","42.85","43.20","42.85","42.95","0.1500","40"
"3189","景碩","21025874","1636799194","75.90","78.90","75.10","78.40","3.0000","12320"
"3209","全科","1785954","38921670","22.05","22.05","21.65","21.65","-0.3000","887"
"3229","晟鈦","76031","691159","9.05","9.27","9.04","9.10","0.0600","59"
"3231","緯創","14684774","443370432","30.50","30.55","30.05","30.30","-0.1000","6070"
"3257","虹冠電","864175","64901609","76.80","77.30","73.80","73.80","-2.6000","670"
"3266","昇陽","65000","932250","14.40","14.45","14.30","14.45","0.0500","38"
"3296","勝德","352000","4768500","13.40","13.80","13.20","13.50","0.0000","157"
"3305","昇貿","524159","13330061","25.45","25.70","25.10","25.40","0.3000","290"
"3308","聯德","32080","219266","6.78","6.88","6.70","6.87","-0.0300","24"
"3311","閎暉","496603","14836703","29.80","30.00","29.80","29.90","0.1500","273"
"3312","弘憶股","152289","2090720","13.70","13.80","13.70","13.70","-0.0500","85"
"3321","同泰","957682","15509690","16.10","16.60","15.80","16.35","0.3500","457"
"3338","泰碩","1902481","122892760","65.60","65.70","63.90","64.40","-0.5000","1247"
"3346","麗清","7089919","274563635","38.90","40.00","37.30","39.40","0.7000","3906"
"3356","奇偶","432841","11294423","25.85","26.25","25.85","25.95","0.1000","234"
"3376","新日興","1019377","148872102","147.50","148.50","144.00","146.50","-1.0000","804"
"3380","明泰","2409956","65322574","27.20","27.45","26.90","26.90","-0.3500","1075"
"3383","新世紀","82400","312502","3.78","3.90","3.62","3.82","0.2700","41"
"3406","玉晶光","3816902","2272900094","595.00","602.00","590.00","590.00","1.0000","3217"
"3413","京鼎","3868541","787808677","205.50","208.00","200.50","200.50","-3.5000","3045"
"3416","融程電","60045","4270122","71.30","71.50","70.80","71.30","0.1000","50"
"3419","譁裕","2151475","36886812","17.45","17.55","16.90","16.95","-0.6500","1174"
"3432","台端","102000","1287600","12.60","12.80","12.60","12.60","0.0000","35"
"3437","榮創","7585415","172846000","22.30","23.15","22.30","22.65","0.8500","3568"
"3443","創意","9554691","3269385442","347.00","353.00","333.00","335.50","-8.5000","7711"
"3450","聯鈞","1578672","108189989","68.20","69.10","68.00","68.00","0.3000","1175"
"3454","晶睿","51543","3856989","74.80","75.20","74.50","74.60","0.1000","55"
"3481","群創","147608924","1350542914","9.26","9.29","9.08","9.15","-0.1000","21693"
"3494","誠研","416339","1887434","4.57","4.58","4.50","4.57","0.0700","149"
"3501","維熹","126231","6010468","47.60","47.80","47.50","47.80","0.3000","103"
"3504","揚明光","568016","33199431","60.00","60.00","57.50","57.80","-1.9000","422"
"3515","華擎","1018241","170549121","166.00","169.50","166.00","166.50","0.5000","866"
"3518","柏騰","104366","2918185","27.90","28.50","27.70","28.15","0.4500","50"
"3528","安馳","381484","16447835","42.00","44.05","41.35","43.60","1.8000","274"
"3530","晶相光","1483439","137057870","93.00","93.60","91.40","92.30","0.3000","1117"
"3532","台勝科","1612791","190110189","117.00","120.50","116.00","116.00","-1.5000","1195"
"3533","嘉澤","720417","301391552","418.00","424.50","415.50","416.00","-0.5000","656"
"3535","晶彩科","222031","4031462","18.20","18.30","18.10","18.15","-0.0500","150"
"3536","誠創","38000","159300","4.32","4.32","4.08","4.08","-0.2400","9"
"3543","州巧","183000","4212400","23.10","23.15","22.90","23.00","0.0000","90"
"3545","敦泰","7223571","414839594","57.90","58.30","56.10","57.40","0.4000","4268"
"3550","聯穎","75000","1052750","14.10","14.15","14.00","14.05","0.1000","50"
"3557","嘉威","2040425","185402978","89.80","93.50","88.80","89.90","0.9000","1461"
"3563","牧德","954660","281657712","292.00","298.00","290.00","296.00","7.0000","911"
"3576","聯合再生","57381199","835224633","13.95","14.85","13.70","14.60","0.6500","17501"
"3583","辛耘","687068","41208386","60.50","61.00","59.50","59.80","-0.7000","480"
"3588","通嘉","931914","38682565","40.90","42.20","40.65","41.65","1.2500","649"
"3591","艾笛森","282431","3588878","12.70","12.80","12.60","12.75","0.0500","129"
"3593","力銘","52637","594799","11.40","11.40","11.15","11.40","0.0500","31"
"3596","智易","3022985","303505168","102.00","102.00","99.50","100.50","-1.0000","2110"
"3605","宏致","1487398","48917874","32.40","33.20","32.40","33.20","0.8000","800"
"3607","谷崧","353008","4570401","13.20","13.20","12.80","12.85","-0.2000","164"
"3617","碩天","338698","28002965","81.50","83.10","81.50","83.00","1.7000","266"
"3622","洋華","2189472","52896755","22.60","24.50","22.60","24.50","2.2000","854"
"3645","達邁","1206338","69791512","57.60","58.50","57.30","57.70","0.2000","680"
"3653","健策","2790672","762253457","271.50","276.00","268.50","273.00","3.0000","2050"
"3661","世芯-KY","8766545","5412154415","606.00","631.00","600.00","603.00","15.0000","7491"
"3665","貿聯-KY","1903538","452246303","236.50","240.00","235.50","238.00","5.5000","1466"
"3669","圓展","1428130","126525926","89.60","89.60","88.00","88.90","-0.7000","965"
"3673","TPK-KY","3767640","173197639","46.60","46.60","45.65","45.75","-0.5500","2511"
"3679","新至陞","983618","110560523","113.50","115.00","110.00","110.00","-2.5000","781"
"3682","亞太電","3740263","34967536","9.37","9.45","9.33","9.35","-0.0100","1231"
"3686","達能","6606131","122169204","17.40","18.90","16.70","18.90","1.7000","2775"
"3694","海華","20799542","742969812","37.50","38.30","33.50","35.00","-1.0500","10604"
"3698","隆達","6004948","120362795","19.80","20.40","19.60","20.00","0.4000","2041"
"3701","大眾控","6202","81897","13.20","13.25","13.20","13.25","0.0500","26"
"3702","大聯大","3439069","139197510","40.50","40.70","40.30","40.35","0.0500","2038"
"3702A","大聯大甲特","171877","8592569","49.95","50.00","49.95","50.00","0.1000","81"
"3703","欣陸","5326425","133632948","25.15","25.70","24.60","25.30","0.2000","2642"
"3704","合勤控","2625306","63398211","24.30","24.45","23.95","23.95","-0.2500","1372"
"3705","永信","246131","10844811","44.00","44.50","43.85","44.00","0.0000","186"
"3706","神達","4004814","116370411","29.20","29.20","29.00","29.00","-0.1000","1936"
"3708","上緯投控","6352805","1037031001","162.50","167.50","160.50","161.00","-1.0000","4729"
"3711","日月光投控","20226344","1466277120","72.70","73.50","71.80","72.00","0.1000","10305"
"3712","永崴投控","860202","32432310","37.80","38.10","37.50","37.50","0.0000","550"
"4104","佳醫","317249","18070831","56.90","57.20","56.70","57.10","0.3000","214"
"4106","雃博","406463","11892245","29.40","29.75","29.10","29.15","-0.3500","290"
"4108","懷特","605605","14227207","23.90","23.90","23.35","23.40","-0.4500","377"
"4119","旭富","316719","38160592","122.00","122.00","120.00","120.00","-1.5000","267"
"4133","亞諾法","2616497","160579120","61.70","62.50","59.80","61.50","-0.7000","1729"
"4137","麗豐-KY","363585","70915306","193.50","197.00","192.50","196.50","4.0000","321"
"4141","龍燈-KY","86336","960429","11.05","11.20","11.00","11.20","0.1000","82"
"4142","國光生","15413671","936570954","60.80","62.20","58.50","61.30","0.7000","8740"
"4148","全宇生技-KY","133050","4728585","34.80","36.00","34.80","36.00","1.1000","80"
"4155","訊映","1000848","28961140","29.10","29.30","28.75","29.00","-0.1000","582"
"4164","承業醫","172514","6748342","39.40","39.40","39.00","39.10","0.1000","131"
"4190","佐登-KY","195001","17567990","90.20","90.50","89.50","90.10","0.0000","136"
"4306","炎洲","6921850","111655577","16.05","16.40","15.90","16.25","0.4000","2162"
"4414","如興","1749208","19646758","11.35","11.35","11.10","11.30","0.0000","601"
"4426","利勤","152597","4231726","28.15","28.15","27.60","27.80","-0.1000","125"
"4438","廣越","116520","12074130","103.00","104.00","103.00","103.50","0.5000","103"
"4439","冠星-KY","92000","12708500","139.00","139.50","137.00","139.00","2.5000","80"
"4526","東台","532842","7556053","14.15","14.30","14.05","14.25","0.1000","247"
"4532","瑞智","1025141","21190154","20.65","20.95","20.40","20.75","0.1500","599"
"4536","拓凱","256377","42427018","169.00","169.00","163.50","164.00","-2.0000","196"
"4540","全球傳動","87050","4008957","46.50","46.50","45.90","45.90","-0.3000","75"
"4545","銘鈺","1930285","77798125","40.70","41.35","39.30","40.45","-0.0500","1137"
"4551","智伸科","652355","124763276","191.00","193.00","189.00","190.50","2.0000","531"
"4552","力達-KY","234080","8433676","36.15","36.55","35.80","35.85","-0.3500","155"
"4555","氣立","162000","7842600","48.50","48.60","48.20","48.60","-0.1500","22"
"4557","永新-KY","47090","2936251","62.40","62.40","62.10","62.30","0.3000","17"
"4560","強信-KY","197000","8178600","41.55","41.80","41.35","41.50","-0.0500","90"
"4562","穎漢","69088","1139325","16.75","16.75","16.35","16.35","-0.2500","57"
"4564","元翎","234000","6839200","28.95","29.35","28.90","29.35","0.4000","157"
"4566","時碩工業","28000","1059200","38.00","38.00","37.60","37.95","0.0500","22"
"4571","鈞興-KY","32000","2210300","69.20","69.50","68.80","69.50","-0.5000","24"
"4572","駐龍","202417","16851329","81.60","84.90","81.50","82.60","3.6000","192"
"4576","大銀微系統","64686","4918917","76.40","76.40","75.70","76.20","-0.1000","58"
"4581","光隆精密-KY","17000","626850","37.00","37.00","36.85","36.85","0.0000","10"
"4720","德淵","1536046","21392175","13.65","14.25","13.65","13.85","0.5500","705"
"4722","國精化","116851","3270187","28.20","28.20","27.85","28.00","0.1000","74"
"4725","信昌化","129931","2312814","17.80","17.85","17.80","17.80","0.0000","72"
"4737","華廣","23000","1613600","69.60","71.00","69.60","71.00","0.0000","16"
"4739","康普","262829","14588926","55.40","56.00","55.20","55.40","0.4000","209"
"4746","台耀","812969","40290193","49.70","49.80","49.30","49.60","0.0000","485"
"4755","三福化","130109","8865451","67.80","68.60","67.50","68.60","0.9000","80"
"4763","材料-KY","492257","61973881","129.00","129.00","124.50","125.00","-2.5000","402"
"4764","雙鍵","9000","540600","60.00","60.60","60.00","60.60","-0.1000","8"
"4766","南寶","259400","39471974","154.50","154.50","151.50","153.00","2.0000","235"
"4807","日成-KY","32001","946230","29.95","29.95","29.05","29.10","-0.6000","21"
"4904","遠傳","4806841","293452758","61.40","61.50","60.80","61.00","-0.4000","2593"
"4906","正文","13745806","421940438","30.85","31.00","30.20","30.65","-0.2000","5898"
"4912","聯德控股-KY","232101","27956076","122.00","122.50","119.00","120.00","-1.5000","187"
"4915","致伸","5299387","250135757","48.00","48.00","47.00","47.05","-0.5500","3197"
"4916","事欣科","1362252","31733643","23.00","23.40","22.80","23.40","2.1000","532"
"4919","新唐","1872589","79431417","42.05","42.75","41.90","42.35","0.3000","1153"
"4927","泰鼎-KY","3964509","324384182","82.60","82.90","80.50","81.60","-0.2000","2525"
"4930","燦星網","1800735","35208684","19.85","19.95","19.15","19.55","-0.5500","802"
"4934","太極","3922521","107901266","26.85","28.30","26.20","27.75","0.7000","2163"
"4935","茂林-KY","6135709","738671111","121.50","122.50","118.00","118.50","-1.0000","4166"
"4938","和碩","9315840","604934753","65.50","65.50","64.60","65.00","0.0000","4684"
"4942","嘉彰","175672","6835191","39.00","39.10","38.75","38.80","-0.0500","152"
"4943","康控-KY","5012181","454473292","90.50","92.10","89.20","90.10","0.8000","3425"
"4952","凌通","8508062","325043843","38.00","39.25","37.25","38.45","0.9500","5028"
"4956","光鋐","707111","12914488","18.20","18.40","18.15","18.25","0.2000","404"
"4958","臻鼎-KY","4270870","531668180","127.00","127.00","124.00","124.00","-2.0000","2720"
"4960","誠美材","10857478","107565578","10.05","10.15","9.65","9.72","-0.0600","2886"
"4961","天鈺","2117477","79573766","37.75","37.80","37.30","37.55","0.1000","1257"
"4967","十銓","801210","24130380","30.05","30.35","29.85","30.20","0.3500","439"
"4968","立積","13851618","4436113838","319.00","327.50","313.50","322.00","7.0000","10348"
"4976","佳凌","17149505","900992365","51.30","54.90","49.70","54.20","3.2000","9315"
"4977","眾達-KY","1776346","217431334","124.50","125.00","120.00","122.50","-0.5000","1283"
"4989","榮科","154000","2794250","18.50","18.50","18.00","18.15","0.0500","70"
"4994","傳奇","71782","4952541","69.60","70.00","67.80","68.60","-0.8000","65"
"4999","鑫禾","221003","10291788","46.60","46.80","46.45","46.50","-0.1000","160"
"5007","三星","137423","6495459","46.95","47.50","46.65","47.30","0.4000","89"
"5203","訊連","141429","14749315","104.00","104.50","104.00","104.50","1.0000","123"
"5215","科嘉-KY","1878221","288002244","153.00","156.00","151.00","152.00","0.5000","1331"
"5225","東科-KY","254000","7213100","27.75","28.90","27.75","28.65","0.8500","171"
"5234","達興材料","115210","9355100","81.30","81.40","80.70","81.30","0.6000","109"
"5243","乙盛-KY","5356304","208008398","38.50","39.45","38.00","38.75","-0.1000","2933"
"5258","虹堡","60000","1303050","21.70","22.00","21.60","21.65","0.0500","47"
"5264","鎧勝-KY","647075","55985837","86.60","86.60","86.40","86.50","0.0000","287"
"5269","祥碩","1529799","2401282275","1595.00","1630.00","1525.00","1540.00","-20.0000","1718"
"5283","禾聯碩","191202","20380547","106.50","107.00","106.50","107.00","0.5000","165"
"5284","jpp-KY","14000","481250","34.50","34.60","34.25","34.30","-0.2000","13"
"5285","界霖","797200","39245047","49.55","50.00","47.90","48.00","-1.0000","514"
"5288","豐祥-KY","114071","11977455","105.00","105.50","104.50","105.00","0.5000","79"
"5305","敦南","462775","19556836","42.35","42.35","42.25","42.30","0.0500","174"
"5388","中磊","1208845","92825110","76.50","77.60","76.00","76.30","0.2000","823"
"5434","崇越","1310587","159825077","123.50","124.00","121.00","121.50","-2.0000","1001"
"5469","瀚宇博","6426750","280231560","43.90","44.10","43.20","43.40","-0.4500","3223"
"5471","松翰","2823691","184187567","65.10","65.80","64.90","65.10","-0.3000","1847"
"5484","慧友","469661","4976273","10.55","10.65","10.50","10.65","0.1000","41"
"5515","建國","412847","5116597","12.40","12.45","12.30","12.40","0.0500","161"
"5519","隆大","303903","4585732","15.15","15.15","15.05","15.15","0.0500","124"
"5521","工信","6020603","68799755","11.50","11.60","11.35","11.45","-0.1500","1534"
"5522","遠雄","1119997","52628941","46.95","47.25","46.60","47.10","0.1500","701"
"5525","順天","43106","919041","21.35","21.45","21.25","21.40","0.1000","38"
"5531","鄉林","420777","4362387","10.45","10.50","10.30","10.40","-0.0500","168"
"5533","皇鼎","61362","981382","16.00","16.00","15.95","16.00","0.0000","22"
"5534","長虹","329892","26877797","81.20","81.70","81.10","81.70","0.4000","292"
"5538","東明-KY","13000","416900","32.05","32.20","32.05","32.20","0.2000","7"
"5546","永固-KY","455040","36258440","80.00","80.50","79.00","79.70","-0.3000","236"
"5607","遠雄港","621706","18539423","29.70","30.00","29.55","29.75","0.3000","359"
"5608","四維航","1209721","8493023","7.04","7.07","6.96","7.06","0.0400","439"
"5706","鳳凰","1378280","42694617","30.35","31.65","30.30","31.30","1.6500","881"
"5871","中租-KY","3845548","637018500","163.00","167.50","163.00","167.50","4.5000","2522"
"5871A","中租-KY甲特","468491","46576181","99.40","99.70","99.20","99.30","0.0000","376"
"5876","上海商銀","4343229","175691543","40.50","40.60","40.25","40.60","0.1000","1683"
"5880","合庫金","9834191","200736176","20.35","20.50","20.30","20.50","0.0500","4193"
"5906","台南-KY","19311","698273","36.90","36.90","36.00","36.40","0.2000","16"
"5907","大洋-KY","93141","2029071","22.00","22.00","21.65","21.85","-0.0500","61"
"6005","群益證","3218258","36939919","11.55","11.55","11.45","11.50","0.0500","932"
"6024","群益期","91960","3464287","37.70","37.70","37.60","37.70","0.0500","91"
"6108","競國","282085","5743116","20.40","20.50","20.30","20.35","0.0000","186"
"6112","聚碩","336964","13473111","40.30","40.30","39.75","39.85","-0.4000","229"
"6115","鎰勝","175329","7250437","41.35","41.50","41.30","41.40","-0.0500","140"
"6116","彩晶","26375778","245285950","9.40","9.44","9.22","9.30","-0.0800","5368"
"6117","迎廣","4000","67400","17.00","17.00","16.75","16.75","0.1500","4"
"6120","達運","943995","10913457","11.70","11.75","11.45","11.55","-0.1500","389"
"6128","上福","273802","7463307","27.50","27.55","27.15","27.50","-0.0500","65"
"6131","鈞泰","797480","3654989","4.34","5.30","4.34","5.30","0.4800","177"
"6133","金橋","90124","732806","8.13","8.18","8.10","8.15","-0.0500","33"
"6136","富爾特","91002","1568484","17.30","17.30","17.20","17.25","-0.0500","69"
"6139","亞翔","230237","6204192","27.10","27.15","26.85","27.00","0.1000","164"
"6141","柏承","7310795","227268041","31.45","31.85","29.95","30.30","-1.4000","3680"
"6142","友勁","218201","1667820","7.61","7.68","7.61","7.63","-0.0700","80"
"6152","百一","1333873","14741929","11.10","11.30","10.90","11.10","-0.1000","468"
"6153","嘉聯益","78769804","2838269552","35.90","36.75","35.10","36.00","0.1000","32947"
"6155","鈞寶","2526843","62073926","24.40","24.80","24.30","24.50","0.5000","1391"
"6164","華興","661699","4751571","7.16","7.34","7.08","7.21","0.0300","79"
"6165","捷泰","2527233","142468273","60.00","60.20","55.00","55.30","-4.4000","1958"
"6166","凌華","56613","3721921","66.00","66.00","65.30","65.80","-0.2000","55"
"6168","宏齊","775707","10984690","14.00","14.30","14.00","14.25","0.3000","338"
"6172","互億","35704","1008632","28.35","28.35","28.15","28.15","-0.2500","11"
"6176","瑞儀","1925938","211218802","110.50","110.50","109.00","109.00","-0.5000","1434"
"6177","達麗","388334","11262205","29.15","29.15","28.90","28.95","-0.1000","276"
"6183","關貿","238106","11126355","46.50","46.95","46.40","46.90","0.2500","65"
"6184","大豐電","85530","3668839","43.00","43.10","42.75","42.90","0.0000","83"
"6189","豐藝","327180","11453076","35.20","35.20","34.95","34.95","-0.1000","213"
"6191","精成科","32482716","767847929","24.05","24.10","23.35","23.45","-0.5000","11478"
"6192","巨路","140396","9410701","67.50","67.50","66.70","67.10","0.1000","106"
"6196","帆宣","2420848","269943834","113.00","114.00","110.00","110.00","-2.5000","1868"
"6197","佳必琪","319222","10742623","33.90","34.20","33.50","33.60","-0.1000","226"
"6201","亞弘電","56001","1980134","35.55","35.60","35.00","35.50","0.0000","39"
"6202","盛群","1783437","126251236","71.30","71.40","70.00","70.90","-0.2000","1328"
"6205","詮欣","252000","9297000","37.00","37.05","36.50","36.80","-0.2000","147"
"6206","飛捷","147229","9096017","62.00","62.00","61.50","62.00","0.5000","123"
"6209","今國光","914158","29186991","32.00","32.50","31.55","31.65","-0.2000","495"
"6213","聯茂","5082818","705972135","139.00","140.50","137.50","138.50","1.0000","3464"
"6214","精誠","228832","19024980","83.00","83.50","83.00","83.00","0.1000","225"
"6215","和椿","257400","4116769","16.00","16.20","15.80","15.90","-0.0500","133"
"6216","居易","77709","1956546","25.15","25.25","25.10","25.25","0.0000","58"
"6224","聚鼎","357433","32069454","90.00","91.20","89.10","89.10","-1.1000","297"
"6225","天瀚","11613","38611","3.69","3.69","3.21","3.55","0.1500","12"
"6226","光鼎","503259","4031304","8.08","8.10","7.95","8.05","-0.0400","244"
"6230","超眾","145161","34694549","241.00","241.50","238.00","238.00","-0.5000","138"
"6235","華孚","809017","13238445","16.50","16.60","16.20","16.25","-0.2000","339"
"6239","力成","4488228","410244749","92.00","92.50","90.80","90.90","-0.8000","2795"
"6243","迅杰","277339","3203038","11.70","11.70","11.40","11.50","-0.1500","150"
"6251","定穎","3946467","70846870","17.85","18.05","17.80","17.90","0.1500","1616"
"6257","矽格","4292637","177777929","41.50","41.75","41.15","41.40","0.1000","2321"
"6269","台郡","3026431","354339660","118.00","119.00","116.00","117.00","-0.5000","1999"
"6271","同欣電","9002184","1279439369","142.00","143.50","141.00","141.00","1.5000","5221"
"6277","宏正","260173","22106257","85.30","85.30","84.70","85.00","-0.3000","213"
"6278","台表科","5027498","586364596","117.00","119.00","115.00","115.50","-1.0000","3193"
"6281","全國電","102726","7317966","70.90","71.50","70.90","71.40","0.7000","91"
"6282","康舒","5307825","140140193","26.50","26.65","26.25","26.30","-0.2000","2498"
"6283","淳安","1173695","40127427","33.90","34.80","33.80","34.15","0.4500","749"
"6285","啟碁","4348750","351869240","81.40","81.70","80.20","80.20","-0.6000","2896"
"6288","聯嘉","17347251","608517583","34.00","35.90","33.90","35.40","1.8500","8075"
"6289","華上","62700","236014","3.77","3.77","3.70","3.77","0.0900","36"
"6405","悅城","135000","2581400","19.50","19.55","18.85","19.00","-0.3000","96"
"6409","旭隼","55157","51936899","951.00","960.00","935.00","935.00","-19.0000","100"
"6412","群電","267268","17844130","67.20","67.30","66.40","66.60","-0.7000","226"
"6414","樺漢","757709","176669557","237.00","237.50","231.50","232.50","-4.0000","675"
"6415","矽力-KY","454055","1023976165","2295.00","2360.00","2170.00","2180.00","-110.0000","651"
"6416","瑞祺電通","350228","45020212","128.00","130.00","127.50","128.00","0.5000","320"
"6431","光麗-KY","44000","1283000","29.60","29.60","28.95","29.10","-0.7000","36"
"6442","光聖","16000","463350","29.00","29.10","28.90","28.90","-0.3000","15"
"6443","元晶","25887226","860907582","31.30","34.50","30.55","33.60","2.0000","13634"
"6449","鈺邦","2221248","120888714","54.00","55.60","52.60","54.90","1.5000","1423"
"6451","訊芯-KY","7588822","889221524","110.50","120.00","109.50","117.50","8.0000","4870"
"6456","GIS-KY","2778892","307815144","110.50","112.00","110.00","110.00","0.5000","1856"
"6464","台數科","45100","5028750","112.00","112.50","111.00","111.50","0.0000","42"
"6477","安集","32206323","1925909861","57.10","61.70","56.20","58.10","1.1000","17750"
"6491","晶碩","432093","109580910","258.00","258.50","251.00","253.00","-4.0000","406"
"6504","南六","1936621","388688060","199.50","206.50","194.00","206.00","2.0000","1544"
"6505","台塑化","6725209","620387182","92.20","92.70","91.80","92.50","0.3000","3362"
"6525","捷敏-KY","102802","5932757","58.00","58.00","57.50","57.60","-0.3000","95"
"6531","愛普","4450524","1636156131","370.00","377.00","358.00","358.00","-13.5000","3926"
"6533","晶心科","10587759","2099580152","188.00","206.00","187.50","199.50","11.5000","8309"
"6541","泰福-KY","872828","36178106","40.10","42.60","40.00","42.25","2.5500","539"
"6552","易華電","1155137","56740967","46.70","50.60","46.70","49.25","2.8000","1029"
"6558","興能高","1104643","57148856","51.80","52.50","51.00","51.80","0.6000","770"
"6573","虹揚-KY","78049","1158930","15.05","15.05","14.65","14.85","0.0000","59"
"6579","研揚","13100","902230","68.70","69.10","68.30","69.10","-0.2000","14"
"6581","鋼聯","31049","2184712","70.40","70.60","70.20","70.30","-0.3000","32"
"6582","申豐","3573512","611365013","170.00","177.00","167.00","167.00","-7.5000","2619"
"6591","動力-KY","457056","25716110","57.10","57.20","55.70","55.90","-0.7000","314"
"6592","和潤企業","2070234","166137378","81.10","81.20","79.90","80.20","-0.4000","583"
"6598","ABC-KY","515175","39274731","78.90","78.90","75.40","75.60","-2.6000","439"
"6605","帝寶","227520","11518202","51.00","51.10","50.20","50.60","-0.3000","176"
"6625","必應","79579","2837879","35.00","36.10","35.00","35.50","0.8000","74"
"6641","基士德-KY","12150","768654","63.60","63.60","63.10","63.30","-0.3000","12"
"6655","科定","16025","865552","54.00","54.30","53.40","54.30","0.3000","15"
"6666","羅麗芬-KY","53128","5581732","103.50","107.00","103.00","106.50","3.0000","50"
"6668","中揚光","127000","6562500","51.90","52.70","51.00","51.10","-0.5000","107"
"6669","緯穎","2204877","1531307096","698.00","707.00","687.00","689.00","1.0000","2224"
"6670","復盛應用","280470","49575205","176.50","178.00","174.50","178.00","3.0000","270"
"6671","三能-KY","62000","2445200","39.45","39.45","39.35","39.35","0.0500","34"
"6672","騰輝電子-KY","295150","21045315","71.50","72.20","70.80","70.80","-0.6000","223"
"6674","鋐寶科技","59000","1722550","28.85","30.25","28.35","30.25","1.8000","47"
"6698","旭暉應材","46000","1852600","40.20","40.50","40.10","40.10","-0.3500","36"
"6706","惠特","3129906","490965886","158.00","161.50","153.50","156.00","1.0000","2427"
"6715","嘉基","167090","20941385","125.50","126.00","124.50","126.00","2.5000","145"
"6754","匯僑設計","114000","4753050","42.65","42.65","41.60","41.65","0.2500","59"
"8011","台通","10666659","199527710","19.00","19.20","18.25","18.30","-0.7000","4650"
"8016","矽創","756184","103231189","138.00","138.50","135.00","136.00","-1.0000","631"
"8021","尖點","6042201","157369031","26.15","26.50","25.85","25.95","-0.7000","3054"
"8028","昇陽半導體","917105","45233978","49.55","50.40","48.80","48.90","-0.4000","700"
"8033","雷虎","336464","3703153","11.00","11.10","10.90","11.10","0.1000","181"
"8039","台虹","1857440","104084397","56.30","56.70","55.70","55.90","-0.5000","1181"
"8046","南電","36962525","5250171773","136.00","147.00","135.00","144.00","9.5000","22011"
"8070","長華*","4110061","95465391","23.40","23.60","22.90","23.40","0.0000","1933"
"8072","陞泰","129086","3523432","27.35","27.80","27.15","27.20","-0.1000","94"
"8081","致新","1398578","226325650","162.00","165.00","159.00","160.50","1.0000","977"
"8101","華冠","434874","1897550","4.39","4.64","4.23","4.31","0.0200","154"
"8103","瀚荃","426221","13054112","30.70","30.85","30.45","30.60","-0.0500","280"
"8104","錸寶","1168179","57837488","48.90","50.80","48.50","48.70","0.5500","854"
"8105","凌巨","885260","8947034","10.20","10.25","10.05","10.10","0.0000","347"
"8110","華東","7463871","84087188","11.30","11.45","11.10","11.10","0.1000","2064"
"8112","至上","2944260","91221094","31.20","31.25","30.90","30.95","-0.1000","1419"
"8114","振樺電","100633","8047308","80.00","80.20","79.70","80.00","0.0000","45"
"8131","福懋科","696750","25486425","36.50","36.85","36.40","36.45","0.0000","341"
"8150","南茂","4264093","128733058","30.45","30.45","30.05","30.05","0.0500","2329"
"8163","達方","1899532","79625977","42.10","42.10","41.75","42.00","0.2500","1079"
"8201","無敵","21059","194780","9.32","9.32","9.24","9.24","0.0000","18"
"8210","勤誠","424457","36557033","86.50","86.50","85.70","86.00","-0.5000","282"
"8213","志超","2833139","124666053","44.20","44.40","43.70","43.80","-0.3500","1447"
"8215","明基材","11550825","285677262","25.30","25.45","24.20","24.30","-0.5000","4834"
"8222","寶一","178822","2378429","13.20","13.45","13.20","13.30","0.2000","153"
"8249","菱光","596104","10850882","18.20","18.25","18.05","18.20","0.0000","291"
"8261","富鼎","4366570","178695307","40.90","41.55","40.50","40.70","-0.3500","2463"
"8271","宇瞻","441881","16299485","37.00","37.15","36.65","36.80","0.0000","321"
"8341","日友","177429","39983711","227.50","227.50","224.00","224.50","-2.0000","755"
"8367","建新國際","75200","2017449","26.50","27.50","26.50","26.60","0.1000","52"
"8374","羅昇","218552","5477194","25.75","25.80","24.90","25.00","-0.3000","104"
"8404","百和興業-KY","162871","4696511","28.95","28.95","28.70","28.95","0.0000","103"
"8411","福貞-KY","1186278","16134547","13.65","13.80","13.55","13.55","0.0000","55"
"8422","可寧衛","259534","42189322","164.00","164.00","162.00","163.00","0.0000","318"
"8427","基勝-KY","3000","132100","44.00","44.05","44.00","44.05","0.0000","3"
"8429","金麗-KY","144611","1234126","8.52","8.60","8.51","8.52","0.0100","120"
"8442","威宏-KY","12000","554400","46.45","46.45","46.00","46.20","-0.1000","10"
"8443","阿瘦","16401","167930","10.15","10.50","10.15","10.20","0.0500","31"
"8454","富邦媒","308987","198628133","636.00","647.00","635.00","644.00","11.0000","400"
"8462","柏文","90317","14889602","165.00","166.00","164.00","165.00","1.0000","126"
"8463","潤泰材","119090","4336388","36.50","36.50","36.05","36.50","0.0000","63"
"8464","億豐","619765","206640965","340.00","341.50","331.00","333.00","-7.0000","606"
"8466","美吉吉-KY","17164","1088998","63.30","63.70","63.30","63.70","-0.3000","18"
"8467","波力-KY","11000","537050","48.60","49.10","48.50","49.10","0.4500","10"
"8473","山林水","93490","3953223","42.45","42.45","42.20","42.20","-0.2500","71"
"8478","東哥遊艇","145000","8400000","58.80","58.80","57.40","57.80","-0.2000","121"
"8480","泰昇-KY","12000","1502500","127.00","127.00","122.50","123.50","-0.5000","11"
"8481","政伸","27156","1978256","72.50","73.30","72.50","72.90","0.4000","24"
"8482","商億-KY","119000","12172500","102.00","105.00","101.50","104.50","1.5000","35"
"8488","吉源-KY","44000","610050","13.70","14.05","13.70","13.80","0.1500","30"
"8499","鼎炫-KY","519009","82026438","156.50","160.00","155.00","158.00","2.5000","418"
"8926","台汽電","855535","32904843","38.50","38.60","38.30","38.50","0.1000","420"
"8940","新天地","36788","373922","10.20","10.25","10.10","10.20","0.0000","48"
"8996","高力","607640","33271968","55.20","55.80","54.00","54.50","-0.2000","458"
"9103","美德醫療-DR","12756354","360999493","28.60","29.50","27.70","27.70","-3.0500","6845"
"910322","康師傅-DR","35050","890150","25.30","25.60","25.15","25.50","0.2000","25"
"9105","泰金寶-DR","8738039","39794131","4.65","4.65","4.48","4.53","-0.1600","2449"
"910861","神州-DR","1272000","14093150","11.30","11.30","10.90","10.95","-0.1000","370"
"9110","越南控-DR","585000","2134470","3.80","3.80","3.58","3.59","-0.0100","185"
"911608","明輝-DR","525000","2272200","4.47","4.47","4.28","4.31","-0.1800","220"
"911616","杜康-DR","1667562","3742457","2.25","2.31","2.21","2.21","-0.1000","407"
"911622","泰聚亨-DR","456000","1845990","4.06","4.09","4.02","4.04","0.0100","139"
"911868","同方友友-DR","2012000","4134040","2.09","2.10","2.03","2.04","-0.0300","391"
"912000","晨訊科-DR","6814100","25417134","3.75","3.85","3.63","3.64","-0.1500","1250"
"912398","友佳-DR","1192000","5335100","4.58","4.64","4.42","4.50","-0.0800","347"
"9136","巨騰-DR","793000","8402150","10.45","10.75","10.40","10.55","0.1500","294"
"9188","精熙-DR","1532000","5383340","3.48","3.66","3.44","3.51","0.0300","251"
"9802","鈺齊-KY","2250056","291218109","125.50","131.50","125.50","129.00","4.0000","1460"
"9902","台火","120306","1176674","9.77","9.82","9.73","9.77","-0.0200","61"
"9904","寶成","32482032","977775870","29.75","30.45","29.75","29.90","0.4000","12770"
"9905","大華","257081","5894482","23.00","23.00","22.85","22.90","0.0500","121"
"9906","欣巴巴","23172","905522","39.30","39.30","38.80","38.80","-0.4500","18"
"9907","統一實","4366954","48089329","11.00","11.15","10.85","10.95","0.0000","1488"
"9908","大台北","73460","2322099","31.60","31.65","31.50","31.65","0.0500","63"
"9910","豐泰","1809813","338261185","189.50","189.50","184.00","186.00","-4.0000","1581"
"9911","櫻花","150586","7642120","50.60","51.10","50.40","51.10","0.2000","155"
"9912","偉聯","58149","415073","7.16","7.19","7.08","7.19","0.0200","42"
"9914","美利達","1696159","417042245","249.00","249.00","243.00","244.00","-3.5000","1509"
"9917","中保科","241224","21640421","90.00","90.00","89.30","90.00","0.4000","250"
"9918","欣天然","23311","839918","36.10","36.20","35.80","36.20","0.1000","21"
"9919","康那香","10563806","388271867","38.00","38.00","36.00","36.75","-1.9500","5771"
"9921","巨大","1256207","351120914","280.00","281.00","277.00","279.00","-2.0000","1009"
"9924","福興","343555","15283900","44.60","44.85","44.25","44.25","-0.2000","230"
"9925","新保","249199","9218775","37.00","37.00","36.95","37.00","0.0000","139"
"9926","新海","15309","678785","44.40","44.50","44.00","44.50","0.2500","17"
"9927","泰銘","124900","3583869","28.50","28.85","28.50","28.70","0.1000","81"
"9928","中視","7309","32974","4.48","4.60","4.48","4.60","-0.2300","6"
"9929","秋雨","116993","1489978","12.80","12.90","12.65","12.70","-0.0500","61"
"9930","中聯資源","146384","6522106","44.70","44.70","44.50","44.60","0.0000","130"
"9931","欣高","3223","131681","40.70","41.00","40.70","41.00","0.3000","7"
"9933","中鼎","1422845","56289699","39.55","39.80","39.15","39.60","0.1000","926"
"9934","成霖","511328","8029680","15.75","15.75","15.65","15.75","0.0500","232"
"9935","慶豐富","284092","9335747","33.30","33.30","32.70","32.95","0.0500","178"
"9937","全國","25104","1243386","49.50","50.00","48.70","49.70","0.7000","34"
"9938","百和","1171848","87662336","75.40","75.40","74.40","74.40","-0.1000","838"
"9939","宏全","1245528","74884700","60.00","60.40","59.80","60.40","0.5000","875"
"9940","信義","266290","7864876","29.45","29.65","29.40","29.55","0.1000","158"
"9941","裕融","425952","42766522","100.50","101.00","100.00","100.50","0.5000","432"
"9941A","裕融甲特","3116","160554","51.50","51.60","51.50","51.60","-0.1000","5"
"9942","茂順","86348","5745849","67.00","67.10","66.30","66.50","0.0000","73"
"9943","好樂迪","107493","6857459","63.60","64.00","63.50","63.80","0.6000","114"
"9944","新麗","325380","7059572","22.00","22.00","21.50","21.80","-0.2000","245"
"9945","潤泰新","4329800","176894922","41.00","41.00","40.80","40.85","0.0500","2118"
"9946","三發地產","1663120","31491536","19.50","19.50","18.55","19.05","-0.2500","623"
"9955","佳龍","127376","2365084","18.70","18.75","18.45","18.60","0.0000","81"
"9958","世紀鋼","5811840","727901492","125.50","128.00","123.00","124.00","-1.5000","3782"
